,Company,Total,Employees,AnnualRevenue,BCGTop50,ForbesTop100
0,ST Electronics (Info-comm Systems) Pte Ltd,1831,23000,7.86bn SGD,,
1,Facebook,1363,52534,70.7bn USD,Yes,Yes
2,IHIS - Integrated Health Information Systems Pte Ltd,944,1600,1.55bn USD,,
3,Cisco Systems,786,75900,51.9bn USD,,
4,Autodesk,756,10300,3.27bn USD,,Yes
5,GOOGLE ASIA PACIFIC PTE. LTD.,666,1500,55bn USD,,
6,VMware,505,24200,8.97bn USD,,
7,M1 Limited,455,1541,312.8mil SGD,,
8,Amadeus IT Group SA,453,19000,4.94bn EUR,,
9,Luxoft,449,12900,906.8mil USD,,
10,Red Hat,437,13400,3.4bn USD,,Yes
11,Alibaba,422,117600,72bn USD,Yes,
12,Equinix,417,7800,5.5bn USD,,
13,MILWORKS SOLUTIONS PTE. LTD.,404,1-50e,,,
14,Google,365,114096,134.81bn USD,,
15,Optimum Solutions (S) Pte Ltd,318,2800,,,
16,Nokia,315,98322,23.32bn USD,,
17,FACEBOOK SINGAPORE PTE. LTD.,300,52534,70.7bn USD,Yes,
18,ERP21 PTE LTD,246,14,2.8mil USD,,
19,Agilent Technologies Singapore (International) Pte Ltd,242,13500,5.16bn USD,,
20,ATT Systems (Singapore) Pte Ltd.,232,109,78.20mil USD,,
21,SALESFORCE.COM SINGAPORE PTE. LTD.,229,49000,17.1bn USD,Yes,Yes
22,ST Electronics (Training & Simulation Systems) Pte Ltd,226,23000,7.86bn SGD,,
23,Digisafe Pte Ltd,220,23000,7.86bn SGD,,
24,iqDynamics Pte Ltd,217,48,36mil USD,,
25,ORACLE CAPAC SERVICES UNLIMITED COMPANY (SINGAPORE BRANCH),216,629,4.36bn USD,Yes,
26,Lazada,215,8000,1bn USD,,
27,ORACLE CORPORATION SINGAPORE PTE LTD,209,135000,39.50bn USD,Yes,
28,HCL SINGAPORE PTE. LTD.,195,150000,10bn USD,,
29,F5 Networks,186,5325,2.24bn USD,,
30,REFINITIV ASIA PTE. LTD.,182,18500,6.1bn USD,,
31,D L RESOURCES PTE LTD,181,51-200e,,,
32,Ingram Micro Asia Ltd,179,33000,50.8bn USD,,
33,Creative Technology Group of Companies,163,800,66.1mil USD,,
34,ASCENTIS PTE. LTD.,163,400,25mil USD,,
35,Singapore Immunology Network (SIgN),158,185,,,
36,WORKATO PTE. LTD.,154,254,36.8mil USD,,
37,Adobe,153,22635,11.17bn USD,,Yes
38,DXC Technology,148,138000,20.75bn USD,,
39,Foxconn Singapore Pte Ltd,147,803126,4.706tr USD,,
40,Gartner,142,15173,4.25bn USD,,
41,Trustwave,139,1600,216mil USD,,
42,Citrix,133,8200,3.01bn USD,,
43,OutSystems,131,1228,200mil USD,,
44,AMAZON WEB SERVICES SINGAPORE PRIVATE LIMITED,131,25000,280.5bn USD,Yes,
45,FUJITSU ASIA PTE LTD,129,140365,4.098tr JPY,,
46,Aruba Networks,118,7000,2.9bn USD,,
47,CommonTown Pte Ltd,118,44,8mil USD,,
48,AUTODESK ASIA PTE. LTD.,118,10300,3.27bn USD,,Yes
49,LAZADA SOUTH EAST ASIA PTE. LTD.,117,8000,1bn USD,,
50,FUTUREX TECHNOLOGIES PTE. LTD.,116,49,9mil USD,,
51,Ericsson-Worldwide,109,99417,227bn SKR,,
52,FoodRazor,106,8,918.6k USD,,
53,AMAZON ASIA-PACIFIC RESOURCES PRIVATE LIMITED,101,1000000,280.5bn USD,Yes,
54,Westcon Group Pte Ltd,99,307,400mil USD,,
55,Vector InfoTech Pte Ltd,98,107,98mil USD,,
56,HERE Technologies,96,15000,12bn USD,,
57,COMBUILDER PTE LTD,95,24,18mil USD,,
58,The Trade Desk,94,1200,477mil USD,,
59,NetLink Trust,94,44,353mil USD,,
60,TECH MAHINDRA LIMITED (SINGAPORE BRANCH),94,125236,5.3bn USD,,
61,INFO-TECH SYSTEMS INTEGRATORS PTE. LTD.,93,45,8mil USD,,
62,Radiance Communications Pte Ltd,88,66,13mil USD,,
63,Qioptiq Singapore Pte Ltd,88,650,117mil USD,,
64,Fortinet,87,6015,2.16bn USD,,
65,JOS Singapore,86,1000,30mil USD,,
66,Nanyang Tech Pte Ltd,86,12,2mil USD,,
67,Institute of Medical Biology (IMB),86,51-200e,,,
68,Unit4,85,3200,500mil EUR,,
69,Ericsson,83,99417,227bn SEK,,
70,Optimum Solutions,83,117,,,
71,DXC,83,138000,20.75bn USD,,
72,Talend,82,1200,66.9mil USD,,
73,Stripe,81,2800,1.8bn USD,,
74,WAY PACIFIC PTE. LTD.,81,1-10e,,,
75,Akamai,81,7650,2.894bn USD,,
76,Orange,80,135619,42.24bn EUR,,
77,TITANSOFT PTE. LTD.,79,6,221.5k SGD,,
78,TAIGER SINGAPORE PTE. LTD.,78,179,25mil USD,,
79,WIZLEARN TECHNOLOGIES PTE. LTD.,77,69,4.2mil USD,,
80,Seedly,77,32,6mil USD,,
81,MECOMB SINGAPORE LIMITED,76,100-249e,,,
82,NIOMETRICS (PTE.) LTD.,76,110,24mil USD,,
83,NTC Integration Pte Ltd,76,10,2mil USD,,
84,FireEye,74,3400,889mil USD,,
85,Danaher,72,71000,17.91bn USD,,
86,MOKA TECHNOLOGY SOLUTIONS PTE. LTD.,70,1-10e,,,
87,CISCO SYSTEMS (USA) PTE. LTD.,70,75900,51.9bn USD,Yes,
88,MICROSOFT OPERATIONS PTE LTD,69,100-249e,7.3bn USD,Yes,
89,MuleSoft,69,1188,296.5mil USD,,
90,CommScope Inc.,68,20000,4.56bn USD,,
91,TESCOM (SINGAPORE) SOFTWARE SYSTEMS TESTING PTE LTD.,68,24,4mil USD,,
92,Bentley Systems,68,3800,700mil USD,,
93,HP SINGAPORE (PRIVATE) LIMITED,67,56000,58.76bn USD,Yes,
94,Imperva,65,1053,321.7mil USD,,
95,DuPont Company (Singapore) Pte Ltd,65,98000,21.57bn USD,,
96,WITZ-U PTE. LTD.,63,1-10e,,,
97,Informa Business Intelligence,63,11000,2.89bn USD,,
98,Reebelo,62,16,,,
99,NetApp,62,10500,6.15bn USD,,
100,Innovix Distribution Pte Ltd,62,174,33mil USD,,
101,"CLOUDFLARE, PTE. LTD.",61,1535,348.8mil USD,,
102,ZALORA SOUTH EAST ASIA PTE. LTD.,60,1000,767.7mil USD,,
103,CIRCLES LIFE TECHNOLOGY PTE. LTD.,59,500,100mil USD,,
104,TABLEAU ASIA PACIFIC PTE. LTD.,59,4500,1.3bn USD,,
105,Pixel Mechanics Pte Ltd,58,11-50e,,,
106,EQUINIX ASIA PACIFIC PTE. LTD.,57,7800,5.56bn USD,,
107,SAP ASIA PTE. LTD.,57,100330,27.55bn EUR,Yes,
108,DigiFort Singapore Pte Ltd,57,26,5mil USD,,
109,Qoo10 Singapore,55,650,60mil USD,,
110,IFIS ASIA HOLDINGS PTE. LTD.,55,10-19e,,,
111,3Mobile,55,4800,1.116bn GBP,,
112,RAZER (ASIA-PACIFIC) PTE. LTD.,55,1451,447.5mil USD,,
113,Fave (previously Groupon),54,375,200mil USD,,
114,Alteryx,54,1300,418mil USD,,
115,A-ChieveMent Solution (S) Pte Ltd,54,1-10e,,,
116,Verizon,53,135300,131.9bn USD,,
117,Onasus Pte Ltd,53,100-500e,,,
118,Dathena,53,82,1.5mil USD,,
119,IBM SINGAPORE PTE LTD,52,352600,77.14bn USD,Yes,
120,Garena,51,1001-5000e,,,
121,Twilio,50,2500,1.134bn USD,,
122,Confidential,50,,,,
123,TeleChoice International Limited,50,383,359mil USD,,
124,HUAWEI INTERNATIONAL PTE. LTD.,50,194000,105.1bn USD,Yes,
125,In Mind Cloud Pte Ltd,49,52,6.8mil USD,,
126,VALEURHR PTE. LTD.,48,700-1000e,,,
127,HEWLETT-PACKARD ASIA PACIFIC PTE. LTD.,48,61600,30.85bn USD,,
128,interTouch Pte. Ltd,47,640,50mil USD,,
129,Intercorp Solutions Pte Ltd,46,24,4mil USD,,
130,HP PPS ASIA PACIFIC PTE. LTD.,46,56000,58.75bn USD,Yes,
131,Moneymax Financial Services,46,160,107mil USD,,
132,Spectrum Audio Visual Pte Ltd,45,47,9mil USD,,
133,UFINITY PTE LTD,45,36,6mil USD,,
134,ROOTS Communications Pte Ltd,45,147,30mil USD,,
135,AppDynamics,45,600,143.8mil USD,,
136,Yolo Technology Pte Ltd,45,11-50e,,,
137,HCL Insys Pte Ltd,44,1207,638.5mil USD,,
138,STARVISION INFORMATION TECHNOLOGY PTE LTD,44,23,4mil USD,,
139,CTC GLOBAL PTE. LTD.,44,200,6mil USD,,
140,Juniper Networks,44,9400,4.4bn USD,,
141,GENESIS NETWORKS PTE LTD,44,844,1bn USD,,
142,Y3 Technologies Pte Ltd,43,90,6.5mil USD,,
143,Skycom Satellite Systems Pte Ltd,43,45,9mil USD,,
144,Esmart Mobile Pte Ltd,43,11-50e,,,
145,Optimum Solutions (Singapore) Pte Ltd,43,117,,,
146,Zwoo Mobile Pte Ltd,42,11-50e,,,
147,Aptsys Technology Solutions Pte Ltd,42,18,3mil USD,,
148,TELENOR PROCUREMENT COMPANY PTE. LTD.,42,20000,113.666b NOK,,
149,Future Technology Devices International Ltd,42,126,24mil USD,,
150,AiChat,41,1-10e,,,
151,Dassault Systemes,41,19361,4.8bn USD,,Yes
152,MATCHMOVE PAY PTE. LTD.,41,160,18mil USD,,
153,RF360 SINGAPORE PTE. LTD.,41,1001-5000e,,,
154,TALKWALKER PTE. LTD.,41,250,15mil USD,,
155,Veritas,40,6625,1bn USD,,
156,ENSIGN INFOSECURITY (SINGAPORE) PTE. LTD.,40,501-1000e,,,
157,nuTonomy,40,100,3mil USD,,
158,EBUY PTE. LTD.,40,51-200e,,,
159,Tenable,40,1252,398.8mil USD,,
160,Infobip,39,2100,602mil EUR,,
161,LIBERTY WIRELESS PTE. LTD.,39,500,100mil USD,,
162,Epsilon Telecommunications(SP) Pte Ltd,39,180,60mil USD,,
163,Fleischhacker LLP,39,180,,,
164,MSC Consulting (S) Pte Ltd,39,49,9mil USD,,
165,BlueTel Networks Pte Ltd,39,11-50e,,,
166,TravelClick,38,1100,375mil USD,,
167,Backbase,38,956,63.9mil USD,,
168,TERRA SYSTEMS PTE. LTD.,38,51-200e,,,
169,MEDIATEK SINGAPORE PTE. LTD.,38,201-500e,,,
170,MicroSec,38,17,3mil USD,,
171,HEWLETT-PACKARD SINGAPORE (SALES) PTE. LTD.,38,61600,30.85bn USD,,
172,SHOPEE SINGAPORE PRIVATE LIMITED,37,1500,860mil USD,,
173,ZENTEK ENGINEERING PTE. LTD.,37,11-50e,,,
174,CA Technologies,37,10850,4.262bn USD,,
175,Atos Information Technology (S) Pte Ltd,37,110000,12bn USD,,
176,MELTWATER NEWS SG1 PTE. LTD.,37,1001-5000e,,,
177,WIZVISION PTE. LTD.,37,42,9mil USD,,
178,I-Access Solutions Pte Ltd,37,51-200e,,,
179,Intersoftkk (S) Pte. Ltd.,36,201-500e,,,
180,Qualcomm,36,37000,24.27bn USD,,
181,ZENDESK SINGAPORE PTE. LTD.,36,3570,816mil USD,,
182,ECNET LIMITED,36,116,23mil USD,,
183,DataRobot,36,1200,100mil USD,,
184,SP TELECOMMUNICATIONS PTE LTD,36,35,8mil USD,,
185,Meltwater Singapore Pte Ltd,36,1001-5000e,,,
186,PRAMERICA FINANCIAL ASIA HEADQUARTERS PTE. LTD.,35,1100,,,
187,Cxrus Solutions Pte Ltd,35,51,41.40mil USD,,
188,SABRE ASIA PACIFIC PTE. LTD.,35,9950,3.97bn USD,,
189,SEAGATE SINGAPORE INTERNATIONAL HEADQUARTERS PTE. LTD.,35,40000,,,
190,TIGERSPIKE PTE. LTD.,35,305,35mil USD,,
191,ECOMMERCE ENABLERS PTE. LTD.,35,201-500e,,,
192,ThoughtWorks,35,7000,650mil USD,,
193,True Stats Lab,35,11-50e,,,
194,Orange SA,35,135619,42.24bn EUR,,
195,AxiomSL,35,560,23.5mil USD,,
196,ADNOVUM SINGAPORE PTE. LTD.,34,14,2mil USD,,
197,Anacle Systems Limited,34,110,9mil USD,,
198,IOTALENTS PTE. LTD.,34,6,1mil USD,,
199,VUI SYSTEMS PTE. LTD.,34,11-50e,,,
200,HP,34,61600,30.85bn USD,Yes,
201,Razer,33,1451,447.5mil USD,,
202,Vodafone,33,98996,43.67bn EUR,,
203,MYTONA PTE. LTD.,32,22,4mil USD,,
204,VMWARE SINGAPORE PTE. LTD.,32,24200,8.97bn USD,,
205,F5 NETWORKS SINGAPORE PTE LTD,32,5325,2.24bn USD,,
206,SYSNET SYSTEM AND SOLUTIONS PTE. LTD.,32,39,7mil USD,,
207,Puricare Pte Ltd,32,28,5mil USD,,
208,TMS ALLIANCES PTE. LTD.,32,23,4mil USD,,
209,AVEPOINT SINGAPORE PTE. LTD.,32,1500,250mil USD,,
210,ENGIE ITS Pte Ltd,32,158505,60.1bn EUR,,
211,myglobalCV,31,11-50e,,,
212,Travelport,31,3700,2.5bn USD,,
213,FIRSTCOM SOLUTIONS PTE. LTD.,31,46,8mil USD,,
214,AFTERSHOCK PC PTE LTD,31,66,13mil USD,,
215,NANOMETRICS,31,71,9mil USD,,
216,ECCO SHOE PRODUCTION PTE. LTD.,30,19500,1.13bn EUR,,
217,Fuji Xerox Singapore Pte Ltd,30,40646,11.1bn USD,,
218,Sephora Digital,30,39000,2.5bn USD,,
219,I-SPRINT INNOVATIONS PTE LTD,30,113,22mil USD,,
220,8xpand Technologies Pte Ltd,30,11-50e,,,
221,SCHNEIDER ELECTRIC SOFTWARE HOLDINGS SINGAPORE PTE. LTD.,30,135000,27.2bn EUR,,
222,WIRECARD ASIA HOLDING PTE. LTD.,29,,,,
223,Native Inc Pte Ltd,29,,,,
224,Elastic,29,,,,
225,Refash,29,,,,
226,ATTAIN ANALYTICS GROUP PTE. LTD.,28,,,,
227,SKYLINE COMMUNICATIONS APAC PTE. LTD.,28,,,,
228,Ultimate Software,28,,,,
229,HEMMERSBACH SINGAPORE PTE LTD,28,,,,
230,HReasily,28,,,,
231,GOPURPOSE INC. PRIVATE LIMITED,28,,,,
232,"Anaplan, Inc.",28,,,,
233,ThunderQuote,28,,,,
234,DXC TECHNOLOGY SINGAPORE PTE. LTD.,28,,,,
235,BlackLine,27,,,,
236,First Technology (Singapore) Pte Ltd,27,,,,
237,M.Tech Products Pte Ltd,27,,,,
238,NVIDIA,27,,,,
239,ARCHISEN,27,,,,
240,AXINAN PTE. LTD.,27,,,,
241,ADDVALUE INNOVATION PTE LTD,27,,,,
242,Sitecore,26,,,,
243,BAO HE IMMIGRATION SPECIALIST PTE. LTD.,26,,,,
244,DATAROBOT SINGAPORE PTE. LTD.,26,,,,
245,Orange Business Services,26,,,,
246,Amdocs,26,,,,
247,KDDI SINGAPORE PTE LTD,26,,,,
248,Creatella,26,,,,
249,ACA Pacific Technology (S) Pte Ltd,26,,,,
250,Qualtrics,26,,,,
251,Browzwear Solution Pte Ltd,26,,,,
252,CrimsonLogic,26,,,,
253,Medisys Innovation Pte Ltd,26,,,,
254,Fida International (S) Pte Ltd,26,,,,
255,MONARCH INFO TECH SERVICES PTE.,26,,,,
256,Dimension Data(Singapore) Pte Ltd.,26,,,,
257,TECHSTUDIO SOLUTIONS PTE. LTD.,26,,,,
258,UP COMMUNICATIONS PTE LTD,25,,,,
259,BMC Software,25,,,,
260,Option Gift Pte Ltd,25,,,,
261,Medidata Solutions,25,,,,
262,Stranger Soccer,25,,,,
263,JK TECHNOLOGY PTE LTD,25,,,,
264,Communications Test Design (S) Pte Ltd,25,,,,
265,SDS Pte Ltd,25,,,,
266,Circles.Life,24,,,,
267,LEADIQ SINGAPORE PTE. LTD.,24,,,,
268,KEMP Technologies,24,,,,
269,SMARTSOFT PTE. LTD.,24,,,,
270,Pantropic Online Pte Ltd,23,,,,
271,Consensys,23,,,,
272,DL Ideas Pte. Ltd.,23,,,,
273,RFNet Technologies Pte Ltd,23,,,,
274,Brightcove,23,,,,
275,HYPER COMMUNICATIONS PTE. LTD.,23,,,,
276,ANAFORE PTE. LTD.,23,,,,
277,HUBBLE PTE. LTD.,23,,,,
278,GT DOLLAR PTE. LTD.,23,,,,
279,VCARGO CLOUD PTE. LTD.,23,,,,
280,Palo Alto Networks (S) Pte Ltd,23,,,,
281,Instream Corporation Pte Ltd,23,,,,
282,ANAPLAN ASIA PTE. LTD.,23,,,,
283,Third Sight Pte Ltd,23,,,,
284,WEESWARES PTE. LTD.,23,,,,
285,Trek 2000 International Ltd.,23,,,,
286,Advance.AI,23,,,,
287,BEGA,22,,,,
288,SAP,22,,,Yes,
289,Recall Total Information Management Pte Ltd,22,,,,
290,ATT Systems (S?pore) Pte Ltd.,22,,,,
291,Kofax,22,,,,
292,Qi Xiang Technology Pte. Ltd.,22,,,,
293,Curvature,21,,,,
294,Unity Technologies Singapore Pte Ltd,21,,,,
295,Erideon Private Limited,21,,,,
296,ACRONIS ASIA RESEARCH AND DEVELOPMENT PTE. LTD.,21,,,,
297,Reach Technologies Pte Ltd,21,,,,
298,DIMENSION DATA ASIA PACIFIC PTE. LTD.,21,,,,
299,D'Crypt Pte Ltd,21,,,,
300,EXPEREO SINGAPORE PTE. LTD.,21,,,,
301,HPE,21,,,Yes,
302,Gitlab,20,,,,
303,Samsung SDS Asia Pacific Pte Ltd,20,,,Yes,
304,Office Productivity Solution Pte Ltd,20,,,,
305,KVH Industries,20,,,,
306,Eztech Services Pte Ltd,20,,,,
307,Amazon Web Services,20,,,Yes,
308,Maltem Singapore,20,,,,
309,TP-LINK TECHNOLOGIES (SG) PTE. LTD,20,,,,
310,Oddle,20,,,,
311,VIRTUSA SINGAPORE PRIVATE LIMITED,20,,,,
312,APPVANTAGE PTE. LTD.,20,,,,
313,Polycom,20,,,,
314,"Veson Nautical, LLC",20,,,,
315,VIEWQWEST PRIVATE LIMITED,20,,,,
316,TAK System Integration Pte Ltd,20,,,,
317,ASPENTECH PTE. LTD.,19,,,,
318,Bizgo,19,,,,
319,Miao,19,,,,
320,MarkLogic,19,,,,
321,Panduit Singapore Pte Ltd,19,,,,
322,St Electronics Info Software System Pte Ltd,19,,,,
323,SailPoint Technologies,19,,,,
324,Nufern,19,,,,
325,FIREEYE SINGAPORE PRIVATE LIMITED,19,,,,
326,AWPL (ASIA PACIFIC) PTE LTD,19,,,,
327,Nityo Infotech Services Pte. Ltd.,19,,,,
328,FINANTIX ASIA-PACIFIC PTE. LTD.,19,,,,
329,Flick Solutions Pte Ltd,19,,,,
330,Adventus Singapore Pte Ltd,19,,,,
331,Vanity Trove Pte Ltd,18,,,,
332,Nexmo,18,,,,
333,Virtustream,18,,,,
334,RTB House,18,,,,
335,INNOVIX Singapore,18,,,,
336,ADERA GLOBAL PTE LTD,18,,,,
337,Veracode,18,,,,
338,CITRIX SYSTEMS SINGAPORE PTE. LTD.,18,,,,
339,2359 MEDIA PTE. LTD.,18,,,,
340,DELTEQ PTE LTD,18,,,,
341,Brandwatch,18,,,,
342,Dynasafe Technologies Pte. Ltd.,18,,,,
343,WINSYS TECHNOLOGY PTE LTD,18,,,,
344,AMDOCS SINGAPORE PTE. LTD.,18,,,,
345,LEADBOOK PTE. LTD.,18,,,,
346,BLACK BOX NETWORK SERVICES SINGAPORE PTE LTD,18,,,,
347,SOFTWAREONE PTE. LTD.,18,,,,
348,Druva,18,,,,
349,Commvault,17,,,,
350,Innovix Distribution,17,,,,
351,NUTANIX SINGAPORE PTE. LTD.,17,,,,
352,YOJEE PTE. LTD.,17,,,,
353,CAST LABORATORIES PTE LTD,17,,,,
354,AppLabx Pte. Ltd,17,,,,
355,TabSquare,17,,,,
356,GLODON INTERNATIONAL PTE. LTD.,17,,,,
357,Techbridge Market Holdings Pte Ltd,17,,,,
358,MUREX SOUTHEAST ASIA PTE LTD,17,,,,
359,ASIAN INFO TECHNOLOGIES PTE. LTD.,17,,,,
360,HITACHI SOLUTIONS ASIA PACIFIC PTE. LTD.,17,,,Yes,
361,ACECOM TECHNOLOGIES PTE LTD,17,,,,
362,Novitee Pte Ltd,17,,,,
363,Fusion Worldwide,17,,,,
364,Quadient,17,,,,
365,Novel Communication Pte Ltd,17,,,,
366,Solarwinds Software Asia Pte Ltd,17,,,,
367,KACIFIC BROADBAND SATELLITES LTD.,17,,,,
368,PanelPlace,17,,,,
369,DocuSign,17,,,,
370,APTIV8 IT SOLUTIONS PTE. LTD.,17,,,,
371,RAH TECH PTE LTD,17,,,,
372,NANO EQUIPMENT PTE. LTD.,17,,,,
373,Espore Corp Pte Ltd,16,,,,
374,Setelco Communications Pte. Ltd.,16,,,,
375,NCR,16,,,,
376,GMO GlobalSign Pte Ltd,16,,,,
377,Paxos,16,,,,
378,IBM Corporation - Singapore,16,,,Yes,
379,ASSURANCE TECHNOLOGY PTE LTD,16,,,,
380,Hypergrowth Academy,16,,,,
381,WIRECARD SINGAPORE PTE. LTD.,16,,,,
382,Strategic Asia Pte Ltd,16,,,,
383,Bitmain Singapore,16,,,,
384,Accellion Pte Ltd,16,,,,
385,IQ DYNAMICS PTE LTD,16,,,,
386,"Bio-Rad Laboratories, Inc.",16,,,,
387,ORACLE FINANCIAL SERVICES SOFTWARE PTE. LTD.,16,,,Yes,
388,IT SUREWERKS (S) PTE LTD,16,,,,
389,KEYDENCE SYSTEMS PTE. LTD.,16,,,,
390,TIMES SOFTWARE PTE LTD,16,,,,
391,ATT System,16,,,,
392,StaffAny,16,,,,
393,RED HAT ASIA PACIFIC PTE LTD,15,,,,
394,INOK SYSTEMS PTE LTD,15,,,,
395,NEXTAN PTE LTD,15,,,,
396,CHUGAI PHARMABODY RESEARCH PTE. LTD.,15,,,,
397,INFO LAB PTE. LTD.,15,,,,
398,ZEEMART PTE. LTD.,15,,,,
399,Zscaler,15,,,,
400,Zencode Technologies Pte Ltd,15,,,,
401,ELECTRIC8 PTE. LTD.,15,,,,
402,STARHUB LTD.,15,,,,
403,Diebold Nixdorf Pte Ltd,15,,,,
404,PURE STORAGE SINGAPORE PTE. LIMITED,15,,,,
405,TECH MAHINDRA (SINGAPORE) PTE. LIMITED,15,,,,
406,Acer Computer Singapore Pte Ltd,15,,,,
407,Movel AI,15,,,,
408,Guardian,15,,,,
409,Microcool Technologies Pte Ltd,15,,,,
410,Kpler,14,,,,
411,TEMASYS COMMUNICATIONS PTE. LTD.,14,,,,
412,Trakomatic Pte Ltd,14,,,,
413,ECS Techno-Sys (Asia Pacific) Pte Ltd,14,,,,
414,NTT SINGAPORE PTE. LTD.,14,,,,
415,COACH OPERATIONS SINGAPORE PTE. LTD.,14,,,,
416,GoPurpose,14,,,,
417,Masstron Pte Ltd,14,,,,
418,SHIMADZU (ASIA PACIFIC) PTE LTD,14,,,,
419,Mellanox Technologies,14,,,,
420,Vertiv (Singapore) Pte Ltd,14,,,,
421,Semnet Pte Ltd,14,,,,
422,Quantcast,14,,,,
423,MicroStrategy,14,,,,
424,AsiaPay Payment Service Pte Ltd,14,,,,
425,GETRONICS SOLUTIONS (S) PTE LTD,14,,,,
426,GREEN RADAR (SINGAPORE) PTE. LTD.,14,,,,
427,AB SCIEX PTE. LTD.,14,,,,
428,M1 SHOP PTE LTD,14,,,,
429,DREA,14,,,,
430,"Love, Bonito",14,,,,
431,Malifax Technologies (S) Pte Ltd,14,,,,
432,QUEST TECHNOLOGY SYSTEMS SINGAPORE PTE. LTD.,13,,,,
433,Circles Life,13,,,,
434,QUEST TECHNOLOGY (S) PTE LTD,13,,,,
435,Seed System Pte Ltd.,13,,,,
436,LYNX ANALYTICS PTE. LTD.,13,,,,
437,Leisure Pass Group,13,,,,
438,CODA PAYMENTS PTE. LTD.,13,,,,
439,Cellebrite,13,,,,
440,Creative eWorld Pte Ltd,13,,,,
441,Comnet Systems Pte Ltd,13,,,,
442,Zumata,13,,,,
443,Affinite,13,,,,
444,LINKSURE NETWORK HOLDING PTE. LIMITED,13,,,,
445,SAFIRO PTE LTD,13,,,,
446,SOL59,13,,,,
447,SECUR SOLUTIONS GROUP PTE. LTD.,13,,,,
448,Appz Inc Pte Ltd,13,,,,
449,SWIFT,13,,,,
450,Maxsoft Pte Ltd,13,,,,
451,DIEBOLD NIXDORF SINGAPORE PTE. LTD.,13,,,,
452,Micepad,13,,,,
453,YOUZU (SINGAPORE) PTE. LTD.,13,,,,
454,NTT DATA BUSINESS SOLUTIONS SINGAPORE PTE. LTD.,13,,,,
455,Innovez One Pte Ltd,13,,,,
456,BMC Software Asia Pacific Pte Ltd,13,,,,
457,Thinking Notes,13,,,,
458,Dow Technologies and Sytems,13,,,,
459,GDC TECHNOLOGY PTE LTD,13,,,,
460,NEW ASURION SINGAPORE PTE. LTD.,13,,,,
461,IFSC PTE. LTD.,12,,,,
462,Comms Equipments Pte Ltd,12,,,,
463,Gaia Science Pte. Ltd.,12,,,,
464,SARMENT PTE. LTD.,12,,,,
465,Whyze Solutions Pte Ltd,12,,,,
466,TECHDIRECT P/L,12,,,,
467,Savant Degrees,12,,,,
468,3PlayGrounds,12,,,,
469,PHOENIX ONESOFT SINGAPORE PTE. LTD.,12,,,,
470,GLOBOTRON (S) PTE. LTD.,12,,,,
471,Azimuth Labs Pte Ltd,12,,,,
472,Archer Logic,12,,,,
473,ARETE M PTE. LTD.,12,,,,
474,Whatsapp,12,,,,
475,Hako Technology Pte Ltd,12,,,,
476,SILVERLINK TECHNOLOGIES PTE. LTD.,12,,,,
477,GE Digital,12,,,,
478,Denodo,12,,,,
479,Wyzchef,12,,,,
480,Institut D’Expertise Clinique Pte Ltd,12,,,,
481,STUTTGART AUTO PTE LTD,12,,,,
482,Infoblox,12,,,,
483,CyberArk,12,,,,
484,GPS Lands (S) Pte Ltd,12,,,,
485,DC FRONTIERS PTE. LTD.,12,,,,
486,Kenetics Innovations Pte Ltd,12,,,,
487,HORANGI PTE. LTD.,12,,,,
488,DETRACK SYSTEMS PTE. LTD.,12,,,,
489,Kedacom International Pte Ltd,12,,,,
490,ALTROCKS TECH PTE. LTD.,12,,,,
491,INCUBE8 PTE. LTD.,12,,,,
492,REVEL TECH (SG) HOLDINGS PTE. LTD.,12,,,,
493,ASTRATA GROUP PTE. LTD.,12,,,,
494,VEEV Interactive Pte Ltd,12,,,,
495,Elixir Technology Pte Ltd,12,,,,
496,ONESECURE Asia Pte Ltd,12,,,,
497,Verlocal,12,,,,
498,Motorola Solutions,12,,,,
499,ZILLIQA RESEARCH PTE. LTD.,12,,,,
500,Ishaan Informatics Pte Ltd,11,,,,
501,Eltek Power Pte Ltd,11,,,,
502,INVITROCUE PTE. LTD.,11,,,,
503,Dynamic Yield,11,,,,
504,CommScope Solutions Singapore Pte Ltd,11,,,,
505,ENVISION DIGITAL INTERNATIONAL PTE. LTD.,11,,,,
506,Intellisearch,11,,,,
507,01 Computer System Pte Ltd,11,,,,
508,Bizmann System (S) Pte Ltd,11,,,,
509,eBay,11,,,,
510,ASIAPAC DISTRIBUTION PTE LTD,11,,,,
511,AUTOSCAN TECHNOLOGY PTE LIMITED,11,,,,
512,Piktochart,11,,,,
513,Stanley Security Singapore Pte Ltd,11,,,,
514,AION Technologies Pte Ltd,11,,,,
515,AVIATION VIRTUAL PTE. LTD.,11,,,,
516,Propseller,11,,,,
517,CashShield,11,,,,
518,COMPEX SYSTEMS PTE LTD,11,,,,
519,CLAYOPS PTE. LTD.,11,,,,
520,AMPOTECH PTE. LTD.,11,,,,
521,BRIDGE MOBILE PTE. LTD.,11,,,,
522,TPG TELECOM PTE. LTD.,11,,,,
523,PEDIA PTE. LTD.,11,,,,
524,3M,11,,,Yes,
525,SINGAPORE TECHNOLOGIES ENGINEERING LTD,11,,,,
526,3SI PTE. LTD.,11,,,,
527,JY COMM PTE. LTD.,10,,,,
528,SmartStream Technologies,10,,,,
529,Amazon Asia-Pacific Holdings,10,,,Yes,
530,Temenos,10,,,,
531,Pro-Datech Systems Pte Ltd,10,,,,
532,AVAYA SINGAPORE PTE LTD,10,,,,
533,NIIT TECHNOLOGIES PTE. LTD.,10,,,,
534,Botbot.ai,10,,,,
535,Kinetica DB,10,,,,
536,J MAX SOLUTIONS,10,,,,
537,KNOT SOLUTIONS PTE. LTD.,10,,,,
538,IPS Securex Pte Ltd,10,,,,
539,KEYREPLY PTE. LTD.,10,,,,
540,Acentrix Pte Ltd,10,,,,
541,ISIS Papyrus Asia. Pacific.,10,,,,
542,APPLIED MESH PTE. LTD.,10,,,,
543,IX Mobile Pte Ltd,10,,,,
544,TCAM TECHNOLOGY PTE. LTD.,10,,,,
545,Resolvo Systems Pte Ltd,10,,,,
546,CLOUDSTREAM ASIA PACIFIC PTE. LTD.,10,,,,
547,UBAC Pte Ltd,10,,,,
548,SINGAPORE TELECOMMUNICATIONS LIMITED,10,,,,
549,OCI SYSTEM PTE. LTD.,10,,,,
550,Roycemedia Technologies Pte. Ltd.,10,,,,
551,Hashmicro Pte. Ltd.,10,,,,
552,Glory Global Solutions (S) Pte. Ltd.,10,,,,
553,MOODY'S ANALYTICS SINGAPORE PTE. LTD.,10,,,,
554,Dion Global Solutions Limited,10,,,,
555,OpenFeel Pte Ltd,10,,,,
556,Sales Bridge,10,,,,
557,Dow Technologies and system,10,,,,
558,Sartorius Stedim Singapore Pte Ltd,10,,,,
559,BlackBerry,10,,,,
560,WhooshPro Pte Ltd,10,,,,
561,Datumstruct (S) Pte Ltd,10,,,,
562,Cartrack Asia,10,,,,
563,Hapz,10,,,,
564,CARGOAI.co,10,,,,
565,Liftoff,10,,,,
566,ECLAT AV SOLUTION PTE. LTD.,10,,,,
567,Huawei International Pte. Ltd. (Southern Pacific Enterprise Business Group),10,,,Yes,
568,Mixpanel,10,,,,
569,AvePoint,9,,,,
570,EGIS HEALTHCARE TECHNOLOGIES PTE LTD,9,,,,
571,Element AI,9,,,,
572,TWILIO SINGAPORE PTE. LTD.,9,,,,
573,ST Electronics (Info-Software Systems) Pte Ltd,9,,,,
574,Ranosys Technologies,9,,,,
575,Socialbakers,9,,,,
576,EMSON SYSTEMS (S) PTE. LTD.,9,,,,
577,Design Prodigy,9,,,,
578,Sabre,9,,,,
579,SESAMI (SINGAPORE) PTE LTD,9,,,,
580,K&E Scientific (Singapore) Pte Ltd,9,,,,
581,Blue Orange Pte Ltd,9,,,,
582,Synermax Consulting Pte Ltd,9,,,,
583,MACROVISTA PTE. LTD.,9,,,,
584,MessageBird,9,,,,
585,BitTitan SG Pte Ltd,9,,,,
586,ENT-VISION PTE. LTD.,9,,,,
587,BENTO INVEST PTE. LTD.,9,,,,
588,Amazon,9,,,Yes,
589,Lunch Actually Group,9,,,,
590,ERS Industries Pte Ltd,9,,,,
591,EPIC HEALTHCARE SYSTEMS PTE. LTD.,9,,,,
592,BEYONDEDGE PTE. LTD.,9,,,,
593,Ripples IOT Pte Ltd,9,,,,
594,BIO BASIC ASIA PACIFIC PTE. LTD.,9,,,,
595,Global Crypto Offering Exchange,9,,,,
596,Institute of Materials Research & Engineering (IMRE),9,,,,
597,Omniaz,9,,,,
598,VGC TECHNOLOGY PTE. LTD.,9,,,,
599,HERSING CORPORATION PTE. LTD.,9,,,,
600,Cornerstone OnDemand,9,,,,
601,FUSE WORLDGROUP PTE LTD,9,,,,
602,Viperlink Pte Ltd,9,,,,
603,Feedzai,9,,,,
604,AlgoMerchant,9,,,,
605,GRID COMMUNICATIONS PTE. LTD.,9,,,,
606,OPENSOFT PTE. LTD.,9,,,,
607,Comservice (Singapore) Solutions Pte. Ltd.,9,,,,
608,ACM biolabs,9,,,,
609,Xindots (Qi Xiang Technology Pte.Ltd),9,,,,
610,Cadi Scientific Pte Ltd,9,,,,
611,Hootsuite,9,,,,
612,Honestbee,9,,,,
613,Collaro Classic Menswear,9,,,,
614,WeekendGoWhere,9,,,,
615,Wirecard Asia,9,,,,
616,Netpluz Asia Pte Ltd,9,,,,
617,Netiquette Software Pte Ltd,9,,,,
618,Epson Singapore Pte Ltd,9,,,,
619,INTEGRATED HEALTH INFORMATION SYSTEMS PTE. LTD.,9,,,,
620,One Third Technologies,9,,,,
621,Entrepreneur First,9,,,,
622,V-Tech Computers Pte Ltd,9,,,,
623,Activants Pte Ltd,9,,,,
624,The Stage Walk,9,,,,
625,2C2P Pte Ltd,9,,,,
626,DATAKOM (ASIA) PTE. LTD.,9,,,,
627,DACON NETWORKS PTE LTD,9,,,,
628,Progreso Networks (S) Pte Ltd,9,,,,
629,3S COMMUNICATION PTE. LTD.,9,,,,
630,3INUTE,8,,,,
631,MIXPANEL APAC PTE. LTD.,8,,,,
632,BROCADE COMMUNICATIONS SINGAPORE PTE. LTD.,8,,,,
633,METRO GLOBALSERVICES PTE. LTD.,8,,,,
634,Sapura Synergy Singapore Pte Ltd,8,,,,
635,9cv9,8,,,,
636,HCL Technologies Limited,8,,,,
637,aCommerce Pte Ltd,8,,,,
638,MANJA TECHNOLOGIES PTE. LTD.,8,,,,
639,HEARTI LAB PTE. LTD.,8,,,,
640,Setsco Services,8,,,,
641,WINCOM IT SERVICES PTE LTD,8,,,,
642,Wellness Within,8,,,,
643,Asia Focus Group,8,,,,
644,Thrymr Software,8,,,,
645,Eins Technology Pte Ltd,8,,,,
646,"THE JAPAN RESEARCH INSTITUTE, LIMITED",8,,,,
647,Tivo Technologies Pte Ltd,8,,,,
648,Infinergy Systems Solutions Pte Ltd,8,,,,
649,EZCLOUD PTE. LTD.,8,,,,
650,TELEKOMUNIKASI INDONESIA INTERNATIONAL PTE. LTD.,8,,,,
651,AXS PTE. LTD.,8,,,,
652,System Overdrive Pte Ltd,8,,,,
653,Web Imp,8,,,,
654,INFORMATICA S.E.A. PTE. LTD.,8,,,,
655,Vision Interactive,8,,,,
656,ICONZ-WEBVISIONS PTE. LTD.,8,,,,
657,Lefty Talents Group,8,,,,
658,ICOLUMN PTE. LTD.,8,,,,
659,Sinonet Technology Singapore,8,,,,
660,Sino Huawei Technologies Pte Ltd,8,,,Yes,
661,AMADEUS GDS SINGAPORE PTE. LTD.,8,,,,
662,Agilysys Singapore Pte Ltd,8,,,,
663,Cinos Pte Ltd,8,,,,
664,"Red Hat, Inc.",8,,,,
665,DIALYSS PTE. LTD.,8,,,,
666,Quantiq International Pte Ltd,8,,,,
667,Nordic IT Asia Pte Ltd,8,,,,
668,Comba Telecom Systems (S) Pte Ltd,8,,,,
669,Rapid7,8,,,,
670,RECORDED FUTURE PTE. LTD.,8,,,,
671,CARGO COMMUNITY NETWORK PTE LTD,8,,,,
672,Cloudflare,8,,,,
673,Riverview Mobile Solutions Pte. Ltd.,8,,,,
674,DSM SINGAPORE INDUSTRIAL PTE. LTD.,8,,,,
675,Optimum InfoSystem Private Limited,8,,,,
676,Root Security Pte Ltd,8,,,,
677,SIGNALGRYD,8,,,,
678,BrillantEZ Solutions Pte Ltd,8,,,,
679,Netgain Systems Pte Ltd,8,,,,
680,CDNetworks,8,,,,
681,PALO ALTO NETWORKS (SINGAPORE) PTE. LTD.,8,,,,
682,Carigos (Logistics Connection Private Limited),8,,,,
683,RACKS CENTRAL PTE. LTD.,7,,,,
684,Bells & Birds,7,,,,
685,Titansoft Singapore,7,,,,
686,CBL Data Recovery (S) Pte Ltd,7,,,,
687,Neosys Documail (S) Pte Ltd,7,,,,
688,Illumio,7,,,,
689,Evottar Pte Ltd,7,,,,
690,IXEN INTERACTIVE PTE. LTD.,7,,,,
691,The Balance Company,7,,,,
692,Taknet Systems Pte. Ltd.,7,,,,
693,Techknowledgey Pte Ltd,7,,,,
694,Institute of Bioengineering and Nanotechnology,7,,,,
695,Encryption Technology Pte Ltd,7,,,,
696,Amazon.com,7,,,Yes,
697,Providence Solutions Private Limited,7,,,,
698,NOKIA SOLUTIONS AND NETWORKS SINGAPORE PTE. LTD.,7,,,,
699,CAPPS SOLUTIONS PTE. LTD.,7,,,,
700,AntiHack.me,7,,,,
701,KAI Square,7,,,,
702,Ascend Com Pte Ltd,7,,,,
703,DOODLE LABS (SG) PTE. LTD.,7,,,,
704,KG INFORMATION SYSTEMS PTE. LTD.,7,,,,
705,Kasisto,7,,,,
706,Keans Technology Pte Ltd,7,,,,
707,Unabiz Pte Ltd,7,,,,
708,INTER-PACIFIC PETROLEUM PTE. LTD.,7,,,,
709,IRESS Market Technology Ltd,7,,,,
710,ZONJE PRIVATE LIMITED,7,,,,
711,Paktor,7,,,,
712,WORLDPAY PTE LTD,7,,,,
713,GBCI Ventures Pte. Ltd.,7,,,,
714,CommGate (S) Pte Ltd,7,,,,
715,Colossus Labs Pte Ltd,7,,,,
716,ADOBE SYSTEMS PTE. LTD.,7,,,,Yes
717,camLine Pte Ltd,7,,,,
718,Acquia,7,,,,
719,7 Eleven,7,,,,
720,eBay Inc.,7,,,,
721,GetIT Pte Ltd,7,,,,
722,iDLink Systems Pte Ltd,7,,,,
723,Guidance Software,7,,,,
724,Green Atmosphere Pte Ltd,7,,,,
725,Foptics,7,,,,
726,Pixelsquad Pte Ltd,7,,,,
727,OMNIVISION TECHNOLOGIES SINGAPORE PTE. LTD.,7,,,,
728,Fischer Instrumentation (S) Pte Ltd,7,,,,
729,CSE Global Limited,7,,,,
730,WEELOY PTE. LTD.,7,,,,
731,APTUS BUSINESS LOGIC PTE. LTD.,7,,,,
732,CS Global Group Pte Ltd,7,,,,
733,PlusMargin,7,,,,
734,Novocall,7,,,,
735,Popsical Karaoke Sdn Bhd,7,,,,
736,ASCM Sales Pte Ltd,7,,,,
737,Verz Design Pte Ltd,7,,,,
738,Factual,7,,,,
739,Procurri Corporation Limited,7,,,,
740,CrescentRating,7,,,,
741,VEGA PROJECT PTE. LTD.,7,,,,
742,Keysight Technologies Singapore,7,,,,
743,LDR Pte Ltd,7,,,,
744,SEROLE TECHNOLOGIES PTE. LTD.,7,,,,
745,Microtel Technology Pte Ltd,7,,,,
746,Starcomm Solutions Pte Ltd,7,,,,
747,SAP Ariba,7,,,Yes,
748,"SGTech, Talentguru",7,,,,
749,Danish Design Co,7,,,,
750,MEDIATECH MARKETING PTE LTD,7,,,,
751,BIGO TECHNOLOGY PTE. LTD.,7,,,,
752,LENOVO (SINGAPORE) PTE. LTD.,7,,,,
753,SAS INSTITUTE PTE LTD,7,,,,
754,Boogle Group Limited,7,,,,
755,SuperInternet (S) Pte Ltd,7,,,,
756,EMINET PTE. LTD.,7,,,,
757,Motherhouse (SG) Pte Ltd,7,,,,
758,BetaSight,7,,,,
759,Smart-wares Pte Ltd,7,,,,
760,SIGI BEAUTY PTE. LTD.,7,,,,
761,NAIISE PTE. LTD.,7,,,,
762,Solution Details Pte Ltd,7,,,,
763,SALTMINE PTE. LTD.,7,,,,
764,"Monstar Lab, Inc.",7,,,,
765,Bit Titan,7,,,,
766,Michael Trio,6,,,,
767,Singapore Data Hub Pte Ltd,6,,,,
768,BITSMEDIA PTE. LTD.,6,,,,
769,Portcast,6,,,,
770,Sensetime International,6,,,,
771,ASYLUM CREATIVE PTE. LTD.,6,,,,
772,INNOVAX SYSTEMS PTE LTD,6,,,,
773,Veeva,6,,,,
774,LogRhythm,6,,,,
775,Dassault Systèmes,6,,,,
776,ITO Security Pte Ltd,6,,,,
777,Ezytronic Pte Ltd,6,,,,
778,Crest Innovation (S) Pte Ltd,6,,,,
779,Netability (Singapore) Pte Ltd,6,,,,
780,AZ TELECOMMUNICATIONS PTE. LTD.,6,,,,
781,INTEL MOBILE COMMUNICATIONS SOUTH EAST ASIA PTE. LTD.,6,,,,
782,Vector Magnetics Pte. Ltd.,6,,,,
783,Netguardians Singapore Pte Ltd,6,,,,
784,Lovebonito Singapore Pte Ltd,6,,,,
785,COMTEL Solutions Pte. Ltd.,6,,,,
786,NexLabs Pte Ltd,6,,,,
787,NuMoney,6,,,,
788,Aspire Systems Consulting Private Limited,6,,,,
789,VISTEK PTE. LTD,6,,,,
790,ANTlabs Pte Ltd,6,,,,
791,Decod Science & Technology Pte Ltd,6,,,,
792,STAR ARRAY PTE. LTD.,6,,,,
793,ACUUTECH PTE. LTD.,6,,,,
794,ACTS Market Pte Ltd,6,,,,
795,GOOGLE INC.,6,,,,
796,Zermatt (S) Pte Ltd,6,,,,
797,GREYPANEL PTE. LTD.,6,,,,
798,Zuzu Pte Ltd,6,,,,
799,PIGEONLAB PTE. LTD.,6,,,,
800,Dematic,6,,,,
801,Ding He Ecommerce Pte. Ltd.,6,,,,
802,Genesys Solutions Pte Ltd,6,,,,
803,SMTS Pte Ltd,6,,,,
804,Beaqon Pte Ltd,6,,,,
805,Clarivate Analytics,6,,,,
806,Madthread Pte Ltd,6,,,,
807,YES PLUM SINGAPORE PRIVATE LIMITED,6,,,,
808,Dishdash,6,,,,
809,GLOBECAST ASIA PTE LTD,6,,,,
810,MapR,6,,,,
811,Casterly Pte Ltd,6,,,,
812,AFON Pte Ltd,6,,,,
813,PROTOSOFT SOLUTIONS PTE. LTD.,6,,,,
814,Wavel,6,,,,
815,ORANGEKLOUD PTE. LTD.,6,,,,
816,MERCANTILE PACIFIC ASIA PTE. LTD.,6,,,,
817,AHREFS PTE. LTD.,6,,,,
818,Hyper Anna,6,,,,
819,AIDA Technologies,6,,,,
820,WISE MPAY PTE LTD,6,,,,
821,Computergate Asia Pte Ltd,6,,,,
822,Florray Pte Ltd,6,,,,
823,SERVICENOW PTE. LTD.,6,,,,Yes
824,Ignify,6,,,,
825,Qi Xiang Technology Pte Ltd (Bao He Group),6,,,,
826,Jabra,6,,,,
827,QuantumLeap Career Consultancy,6,,,,
828,Boogle Private Limited,6,,,,
829,L3 Homeation Pte Ltd,6,,,,
830,Easy HR Pte Ltd,6,,,,
831,Red Hare Studios,6,,,,
832,DUALOG SINGAPORE PTE LTD,6,,,,
833,Ivanti,6,,,,
834,Oregano Trading Pte Ltd,6,,,,
835,NEW ACCESS ASIA PTE. LTD.,6,,,,
836,Enovec Pte Ltd,6,,,,
837,TECHFOUNT SYSTEMS PTE LTD,6,,,,
838,CCH ASIA PTE LIMITED,6,,,,
839,Rohde & Schwarz Regional Headquarters Singapore Pte Ltd,6,,,,
840,Insiro Pte Ltd,6,,,,
841,Internap,6,,,,
842,NETWEB PTE. LTD.,6,,,,
843,Techkinetics Pte Ltd,6,,,,
844,Soft Pro,6,,,,
845,RPI eSolutions Pte Ltd,6,,,,
846,SolarWinds,6,,,,
847,ETH Zurich,6,,,,
848,Tableau Software,6,,,,
849,"JDA Software Group, Inc.",6,,,,
850,Kony,6,,,,
851,Rimini Street,6,,,,
852,UIPATH PTE. LTD.,6,,,,
853,QUANTUM CONSULTANCY SERVICES PTE LTD,6,,,,
854,Ashtrodite Pte Ltd,6,,,,
855,Edit Suits Co,6,,,,
856,JETMOBILE PTE. LTD.,6,,,,
857,TAG TEAM INC. PTE. LTD.,6,,,,
858,Arch Software Intelligence Pte. Ltd.,6,,,,
859,NEW PROSPERITY ELECTRICAL PTE LTD,6,,,,
860,EduCoin,6,,,,
861,Mac Friends Pte Ltd,6,,,,
862,POLYCOM ASIA PACIFIC PTE. LTD.,5,,,,
863,POWERSERVE PTE LTD,5,,,,
864,WebSatMedia Pte Ltd,5,,,,
865,K3 Business Technology Group,5,,,,
866,Jotron Asia Pte Ltd,5,,,,
867,HalalTrip,5,,,,
868,X0PA AI PTE. LTD.,5,,,,
869,HUS UNMANNED SYSTEMS PTE. LTD.,5,,,,
870,SUNWAY DIGITAL PTE. LTD.,5,,,,
871,HYPERCUBE CONSULTING PTE. LTD.,5,,,,
872,WorkTable Pte Ltd,5,,,,
873,SUNNIC PTE. LTD.,5,,,,
874,HR EASILY PTE. LTD.,5,,,,
875,HYDRA SYSTEMS & SOLUTIONS PTE LTD,5,,,,
876,Imin Technology Pte Ltd,5,,,,
877,NETMARKS SINGAPORE PTE. LTD.,5,,,,
878,Olive & Adam Pte Ltd,5,,,,
879,PALL FILTRATION PTE LTD,5,,,,
880,SIMPLYPOST ASIA PTE LTD,5,,,,
881,ilog,5,,,,
882,PANZER TECHNOLOGY PTE. LTD.,5,,,,
883,Riot Games,5,,,,
884,Maison 21G,5,,,,
885,PEGASYSTEMS PTE LTD,5,,,,
886,T-Mobile,5,,,,
887,SNAAAP PTE. LTD.,5,,,,
888,Ooyala,5,,,,
889,OneEmpower Pte Ltd,5,,,,
890,eightyeight Solutions Pte Ltd,5,,,,
891,HERE SOLUTIONS SINGAPORE PTE. LTD.,5,,,,
892,KKBOX International Limited Singapore Branch,5,,,,
893,NETLINK TRUST OPERATIONS COMPANY PTE. LTD.,5,,,,
894,Omni-Comm Pte Ltd,5,,,,
895,Omise,5,,,,
896,Omega Scientific Pte Ltd,5,,,,
897,Zoom Video Communications,5,,,,
898,ZenTech Solutions Pte Ltd,5,,,,
899,Zealot Digital Pte Ltd,5,,,,
900,MERIDIAN IT SOLUTIONS PTE. LTD.,5,,,,
901,You Technologies Group (Singapore) Pte. Ltd.,5,,,,
902,Yinda Pte ltd,5,,,,
903,TECHSOURCE SYSTEMS PTE LTD,5,,,,
904,Malwarebytes,5,,,,
905,SIFT ANALYTICS GROUP PTE. LTD.,5,,,,
906,PRESENCE OF IT PTE. LTD.,5,,,,
907,TGS ENTERPRISE NETWORKS PTE. LTD.,5,,,,
908,VOLTRIUM SYSTEMS PTE LTD,5,,,,
909,PramWash Pte Ltd,5,,,,
910,SnappyFly,5,,,,
911,INFOWARE SYSTEMS(S) PTE LTD,5,,,,
912,The Nutrition Clinic,5,,,,
913,Nexlec,5,,,,
914,Infoware Singapore Pte.Ltd.,5,,,,
915,Smartup,5,,,,
916,LeaseWeb,5,,,,
917,Timeless Gifts Pte Ltd,5,,,,
918,INTRALINKS ASIA PACIFIC PTE. LTD.,5,,,,
919,VENIAM ASIA PTE. LTD.,5,,,,
920,InfoCepts,5,,,,
921,Liquidpay Singapore,5,,,,
922,Toppan Management Systems (S) Pte Ltd,5,,,,
923,Info-Technologies & Trade Pte Ltd,5,,,,
924,Infinity Networks Solutions Pte Ltd,5,,,,
925,Uniweb Pte Ltd,5,,,,
926,Rubrik,5,,,,
927,In Mind Computing,5,,,,
928,Motherhouse (S) Pte. Ltd.,5,,,,
929,UNSCRAMBL SINGAPORE PTE. LTD.,5,,,,
930,Q2 Solutions,5,,,,
931,QTS GLOBAL PTE. LTD.,5,,,,
932,UnPackt Pte Ltd,5,,,,
933,Innotel Solutions Pte Ltd,5,,,,
934,IMPERIUM SOLUTIONS PTE. LTD.,5,,,,
935,IMETRICS PTE. LTD.,5,,,,
936,N2 HUB PTE. LTD.,5,,,,
937,Hasiana PTE LTD,5,,,,
938,Herd Hr Private Limited,5,,,,
939,Waistlab,5,,,,
940,Holistics Software,5,,,,
941,Horangi Cyber Security,5,,,,
942,Skyline Communications (BE),5,,,,
943,Hyland,5,,,,
944,JBT TECHNOLOGY PTE. LTD.,5,,,,
945,JAREE SMITHE PTE. LTD.,5,,,,
946,Global Health Byte Pte Ltd,5,,,,
947,Rockbell International Software Pte Ltd,5,,,,
948,SGLab,5,,,,
949,IMAGE ENGINE PTE. LTD.,5,,,,
950,Intergraph Process Power and Offshore Pte Ltd,5,,,,
951,Sandbox,5,,,,
952,SERVICE COMMUNICATION INTERNATIONAL PTE LTD,5,,,,
953,Vistex,5,,,,
954,LIFERAY SINGAPORE PTE. LTD.,5,,,,
955,IFOCUS PTE LTD,5,,,,
956,RIMAGE DIGITAL PRIVATE LIMITED,5,,,,
957,LINKWISE TECHNOLOGY PTE. LTD.,5,,,,
958,LOGISFLEET PTE. LTD.,5,,,,
959,LOUIS VUITTON (SINGAPORE) PTE. LTD.,5,,,,
960,IM3 ASIA PTE. LTD.,5,,,,
961,T-SYSTEMS SINGAPORE PTE. LTD.,5,,,,
962,xEdge Consultancy Pte Ltd,5,,,,
963,Argent Software,5,,,,
964,Enovax Pte Ltd,5,,,,
965,Dotcom Delivery Pte Ltd,5,,,,
966,CenturyLink,5,,,,
967,DIVERGENT TECHNOLOGIES PTE. LTD.,5,,,,
968,ACL Services (Singapore) Pte Ltd,5,,,,
969,Black Box Network Services,5,,,,
970,BizCube Solutions Pte Ltd,5,,,,
971,DP TECHNOLOGY PTE LTD,5,,,,
972,FCS Computer Systems (S) Pte Ltd,5,,,,
973,ENVISION DIGITAL SINGAPORE PTE. LTD.,5,,,,
974,GRASSHOPPER PTE. LTD.,5,,,,
975,ForeScout,5,,,,
976,Axway,5,,,,
977,Botsync Pte Ltd,5,,,,
978,Entrepreneur First Team,5,,,,
979,Concur Technologies,5,,,,
980,Cloud Care Pte Ltd,5,,,,
981,BRONXCULTURE PTE. LTD.,5,,,,
982,BRISTARS,5,,,,
983,Cloud Industry Group Pte Ltd,5,,,,
984,CloudHealth Technologies,5,,,,
985,EQUINIX SINGAPORE PTE. LTD.,5,,,,
986,Datastax,5,,,,
987,AVALOQ SOURCING ASIA PACIFIC (SINGAPORE) PTE. LTD.,5,,,,
988,Delivery Holdings,5,,,,
989,FINQUEST PTE. LTD.,5,,,,
990,Condeco,5,,,,
991,EPOS Pte Ltd,5,,,,
992,A&V Best Trading,5,,,,
993,COMPLETE SOLUTION FINDER PRIVATE LIMITED,5,,,,
994,FLEX-SOLVER PTE. LTD.,5,,,,
995,Allied Solutions Pte Ltd,5,,,,
996,CAG REGIONAL SINGAPORE PTE. LTD.,5,,,,
997,Carmen Automotive Pte Ltd,5,,,,
998,Anywhr - Personalised Surprise Travel,5,,,,
999,Ecquaria Technologies Pte Ltd,5,,,,
1000,25 HOLDINGS PTE. LTD.,5,,,,
1001,Dow Technologies and Sysytems,5,,,,
1002,BENTLEY SYSTEMS SINGAPORE PTE LTD,4,,,,
1003,INFOHUB SOLUTIONS PTE. LTD.,4,,,,
1004,Plus65 Interactive Pte Ltd,4,,,,
1005,Next Round,4,,,,
1006,ESKER DOCUMENT AUTOMATION ASIA PTE. LTD.,4,,,,
1007,Atrex Services,4,,,,
1008,ISDN Holdings Limited,4,,,,
1009,Skillsoft Asia Pacific Pte Ltd,4,,,,
1010,Sigma.3 Pte Ltd,4,,,,
1011,ORANGE APPLICATIONS FOR BUSINESS SINGAPORE PTE. LTD.,4,,,,
1012,Excluniqeeee,4,,,,
1013,Asiasoft Solutions Pte Ltd,4,,,,
1014,Shilla Duty Free,4,,,,
1015,IT-Werks Pte Ltd,4,,,,
1016,Asia Ezypay Pte Ltd,4,,,,
1017,Shentilium Private Limited,4,,,,
1018,Kent Ridge Health,4,,,,
1019,Smartmatic Singapore Pte Ltd,4,,,,
1020,BATT(SINGAPORE) PTE. LTD.,4,,,,
1021,Skyline Communications NV,4,,,,
1022,Squalet,4,,,,
1023,Style Degree - Gallerie Pte Ltd,4,,,,
1024,SpaceTime,4,,,,
1025,ERA INTERNATIONAL NETWORK PTE. LTD.,4,,,,
1026,FD Brand Nation Pte Ltd,4,,,,
1027,FIRMA TECHNOLOGIES PTE. LTD.,4,,,,
1028,Excis Singapore Pte Ltd,4,,,,
1029,Stylemyle,4,,,,
1030,ONEBERRY TECHNOLOGIES PTE LTD,4,,,,
1031,Nucleus Software Exports Limited,4,,,,
1032,Superway Venture,4,,,,
1033,INNOCELLENCE CONSULTING PTE. LTD.,4,,,,
1034,Aviationlearn,4,,,,
1035,Superway Venture International Pte Ltd,4,,,,
1036,SoftLayer Technologies Asia Private Limited,4,,,,
1037,Axcel Office Solutions Pte Ltd,4,,,,
1038,FLASHDEAL HOLDINGS PTE LTD,4,,,,
1039,ConnectOne,4,,,,
1040,INFOSYS BPM LTD,4,,,,
1041,Sevone,4,,,,
1042,Ntegrator Pte Ltd,4,,,,
1043,Excess Inventory Guru,4,,,,
1044,"SessionM, Inc.",4,,,,
1045,PLURIUM Technologies,4,,,,
1046,Interactif Video Systems Pte Ltd,4,,,,
1047,PRECISION INFOCOMM PTE LTD,4,,,,
1048,Elementals Studio,4,,,,
1049,S2g Technology Pte Ltd,4,,,,
1050,Roboto Coding Academy,4,,,,
1051,"Riverbed Technology, Inc.",4,,,,
1052,Ekkko Systems,4,,,,
1053,Razer USA Ltd.,4,,,,
1054,RIGHTCLOUD PTE. LTD.,4,,,,
1055,JANKOSOFT PTE. LTD.,4,,,,
1056,K&k It Pte.ltd.,4,,,,
1057,CDNetworks Inc.,4,,,,
1058,CENTRICS NETWORKS PTE. LTD.,4,,,,
1059,Edvance Technology (Singapore) Pte. Ltd.,4,,,,
1060,Cantley LifeCare Pte Ltd,4,,,,
1061,Canalys,4,,,,
1062,Pantheon Technologies Pte Ltd,4,,,,
1063,Jumo Singapore Pte Ltd,4,,,,
1064,Quantum Storage South Asia Pte Ltd,4,,,,
1065,JR Vending Pte Ltd,4,,,,
1066,Qorvo,4,,,,
1067,Qiscus,4,,,,
1068,Payswiff Pte Ltd,4,,,,
1069,Pixium Digital Pte Ltd,4,,,,
1070,Elita & Co. Pte Ltd,4,,,,
1071,SCIENTIFIC RESOURCES PTE LTD,4,,,,
1072,Elves Lab Pte Ltd,4,,,,
1073,BTW Technology Pte Ltd,4,,,,
1074,Coinut Pte Ltd,4,,,,
1075,Seamug.com,4,,,,
1076,Omega Integration Pte Ltd,4,,,,
1077,Scandi Supply Pte Ltd,4,,,,
1078,Eunoia Pte Ltd,4,,,,
1079,Etact Solutions Pte Ltd,4,,,,
1080,Impetus Group,4,,,,
1081,Essential Engineering & Construction Pte Ltd,4,,,,
1082,SaturdayClub Pte Ltd,4,,,,
1083,BLUEBELL DISCOVERY PRIVATE LIMITED,4,,,,
1084,Closed-loop Technology Pte Ltd,4,,,,
1085,Optimal Plus,4,,,,
1086,EUROSTOP SINGAPORE PRIVATE LIMITED,4,,,,
1087,Civica,4,,,,
1088,Bao He Group (Xindots),4,,,,
1089,Ep-Asia Academy Pte Ltd,4,,,,
1090,Bee Teck International Pte Ltd,4,,,,
1091,Bespoke Codes Pte Ltd,4,,,,
1092,Innovation of Thingz,4,,,,
1093,SHL SINGAPORE PTE. LTD.,4,,,,
1094,PAND.AI PTE. LTD.,4,,,,
1095,Inspius,4,,,,
1096,Biqmind,4,,,,
1097,PCOM PTE LTD,4,,,,
1098,EACIIT,4,,,,
1099,Project Miner Asia Pte Ltd,4,,,,
1100,Arista Networks,4,,,,
1101,AGDelta,4,,,,
1102,TELEFOCAL ASIA PTE. LTD.,4,,,,
1103,AGVA Singapore,4,,,,
1104,WISEWIRES P.T.E. L.T.D.,4,,,,
1105,Magicsoft Asia Systems Pte Ltd,4,,,,
1106,APPIER PTE. LTD.,4,,,,
1107,WHIZPACE PTE. LTD.,4,,,,
1108,Maven Lab,4,,,,
1109,LabIVF Asia Pte Ltd,4,,,,
1110,WE/WEAR/GLASSES,4,,,,
1111,ARCHER MARKETING & DEVELOPMENT (S) PTE LTD,4,,,,
1112,Harvey Norman (Pertama Merchandising Pte Ltd),4,,,,
1113,WAVE ROCK PTE. LTD.,4,,,,
1114,WATCHDATA TECHNOLOGIES PTE LTD,4,,,,
1115,Vybes,4,,,,
1116,Virtually Live,4,,,,
1117,Version 2 Singapore Pte Ltd,4,,,,
1118,MediaConcepts Pte Ltd,4,,,,
1119,ABILLIONVEG PTE. LTD.,4,,,,
1120,LVMH Perfumes & Cosmetics (Dior),4,,,,
1121,HABITAP PTE. LTD.,4,,,,
1122,MARITIME TECHNOLOGIES (R&D) PTE. LTD.,4,,,,
1123,WOG TECHNOLOGIES PTE. LTD.,4,,,,
1124,Giftano,4,,,,
1125,Frontiir Pte. Ltd.,4,,,,
1126,ABSOLUTE TELECOM PTE. LTD.,4,,,,
1127,MEGA ASIA SOFTWARE PTE. LTD.,4,,,,
1128,ACHIEVER COMMUNICATIONS PTE. LTD.,4,,,,
1129,ACEPAK TECHNOLOGY PTE. LTD.,4,,,,
1130,Leia Lauren Pte Ltd,4,,,,
1131,ADSC EDUCATION PTE. LTD.,4,,,,
1132,Wordsmith,4,,,,
1133,ME Creative Studio,4,,,,
1134,MULTITOUCH ASIA PTE. LTD.,4,,,,
1135,ACCLIVIS TECHNOLOGIES AND SOLUTIONS PTE. LTD.,4,,,,
1136,MCAFEE (SINGAPORE) PTE. LTD.,4,,,,
1137,Williams-Sonoma Inc.,4,,,,
1138,HRG SINGAPORE HOLDINGS PTE. LTD.,4,,,,
1139,ACCESS TELEVENTURES PTE. LTD.,4,,,,
1140,AE Computer Systems Pte Ltd,4,,,,
1141,AEB (ASIA PACIFIC) PTE LTD,4,,,,
1142,Wecash Asia Pacific,4,,,,
1143,Zebra Technologies,4,,,,
1144,Websparks Pte Ltd,4,,,,
1145,Websavvy,4,,,,
1146,ACAD Pte Ltd,4,,,,
1147,WebPuppies,4,,,,
1148,Dealinkz Pte Ltd,4,,,,
1149,Dear Collective Pte Ltd,4,,,,
1150,VIVOHUB MOBILE PTE. LTD.,4,,,,
1151,The Notebook Repairs Station,4,,,,
1152,AXIL SCIENTIFIC PTE. LTD.,4,,,,
1153,IBASE SINGAPORE PTE LTD,4,,,,
1154,iPlus by Fermax,4,,,,
1155,Gigya,4,,,,
1156,iSTOX,4,,,,
1157,Telogic (Singapore ),4,,,,
1158,Tekkie Help Pte Ltd,4,,,,
1159,Alphawallet,4,,,,
1160,Ambient.sg,4,,,,
1161,iWOW Technology Pte Ltd,4,,,,
1162,DIGIMIND PTE. LTD.,4,,,,
1163,TWILIGHT SOFTWARES SINGAPORE PTE. LTD.,4,,,,
1164,TRAVERSE TECHNOLOGIES PTE. LTD.,4,,,,
1165,EPECOM GRAPHICS PTE LTD,4,,,,
1166,3D NETWORKS SINGAPORE PTE. LTD.,4,,,,
1167,1Cloudstar Pte Ltd,4,,,,
1168,siliconhub,4,,,,
1169,Apple Inc.,4,,,Yes,
1170,uboux pte ltd,4,,,,
1171,NexWave Technologies Pte Ltd,4,,,,
1172,EQComs Technology Pte Ltd,4,,,,
1173,DITIUM TECHNOLOGIES PTE. LTD.,4,,,,
1174,GROOMERS LAB PTE. LTD.,4,,,,
1175,The World Management Pte Ltd,4,,,,
1176,Truffle Technologies,4,,,,
1177,AZ Marine Pte Ltd,4,,,,
1178,Milner Browne,4,,,,
1179,Gurusoft Pte Ltd,4,,,,
1180,V V Technology Pte Ltd,4,,,,
1181,Datalogic,4,,,,
1182,Activ360 By Zenyu,4,,,,
1183,UNIT4 ASIA PACIFIC PTE. LTD.,4,,,,
1184,Hubble.sg,4,,,,
1185,Daniel Wireless Software,4,,,,
1186,"TraceLink, Inc.",4,,,,
1187,ThoughtSpot,4,,,,
1188,LEVELFIVE PTE. LTD.,4,,,,
1189,M5 Technologies Pte Ltd,4,,,,
1190,Gro-Venture,4,,,,
1191,etch&bolts Pte Ltd,4,,,,
1192,MACLINK PTE. LTD.,3,,,,
1193,PRESCIENT SYSTEMS & TECHNOLOGIES PTE. LTD.,3,,,,
1194,PLEODATA PTE. LTD.,3,,,,
1195,PULSESYNC PTE. LTD.,3,,,,
1196,E-SPEED STABILIZING NETWORK TECHNOLOGY PTE. LTD.,3,,,,
1197,PROPERTY QUEEN PTE. LTD.,3,,,,
1198,Perfomatix Solutions,3,,,,
1199,CYBERLAND CONSULTANCY PTE. LTD.,3,,,,
1200,PROFICIO PTE. LTD.,3,,,,
1201,Palo Alto Networks,3,,,,
1202,PRS In Vivo Singapore Pte Ltd,3,,,,
1203,MAGMA ENGINEERING ASIA-PACIFIC PTE LTD,3,,,,
1204,MARLINK TELEMAR PTE. LTD.,3,,,,
1205,Onezine (featured),3,,,,
1206,Doropu Sdn Bhd,3,,,,
1207,PIXELOAK PTE. LTD.,3,,,,
1208,Montifs,3,,,,
1209,NAHIMIC SINGAPORE PTE. LTD.,3,,,,
1210,DS Global Technology Pte Ltd,3,,,,
1211,NBCU GLOBAL NETWORKS ASIA PTE. LTD.,3,,,,
1212,NEC ASIA PACIFIC PTE. LTD.,3,,,,
1213,DOLPHIN DYNAMICS LABS PTE. LTD.,3,,,,
1214,NEX CORPORATEIT PTE. LTD.,3,,,,
1215,OD Mall Pte Ltd,3,,,,
1216,OCTOPUS RETAIL MANAGEMENT PTE. LTD.,3,,,,
1217,DIGITAL SOLUTIONS PTE. LTD.,3,,,,
1218,OBS Financial Solutions Pte Ltd,3,,,,
1219,Nera Telecommunications Ltd,3,,,,
1220,Nucleus Connect,3,,,,
1221,CrescoData,3,,,,
1222,Nubela,3,,,,
1223,Netquest Solutions Pte Ltd,3,,,,
1224,Covance,3,,,,
1225,Comnect Solutions Pte Ltd,3,,,,
1226,Micro Focus,3,,,,
1227,Communique IDEAS,3,,,,
1228,Cialfo Pte. Ltd.,3,,,,
1229,MEVO Pte Ltd,3,,,,
1230,MICROGAMING ASIA PTE. LTD.,3,,,,
1231,MORILOLO,3,,,,
1232,Dimension Data (Singapore) Pte Ltd,3,,,,
1233,PAVE SYSTEM PTE LTD,3,,,,
1234,PARASOFT SOUTH EAST ASIA PTE. LTD.,3,,,,
1235,Orchard HRO,3,,,,
1236,Orange Gum Pte Ltd,3,,,,
1237,Dedicated Solutions Pte. Ltd.,3,,,,
1238,MYREPUBLIC GROUP LIMITED,3,,,,
1239,Cisco,3,,,Yes,
1240,Digimagic Communications Pte Ltd,3,,,,
1241,Macrowerkz Pte Ltd,3,,,,
1242,Opspeed Solutions,3,,,,
1243,Opet Pte Ltd,3,,,,
1244,Obbo Marketplace,3,,,,
1245,GlobalSign.in,3,,,,
1246,BLUE WIRELESS PTE. LTD.,3,,,,
1247,CPC Solution Pte Ltd,3,,,,
1248,Ptgem Pte Ltd,3,,,,
1249,VODIEN INTERNET SOLUTIONS PTE. LTD.,3,,,,
1250,AVITCOM SYSTEM PRIVATE LIMITED,3,,,,
1251,VANTAGE POINT SECURITY PTE. LTD.,3,,,,
1252,Ackcio,3,,,,
1253,UCLOUDLINK (SINGAPORE) PTE. LTD.,3,,,,
1254,Adera,3,,,,
1255,Trunk Tech Pte Ltd,3,,,,
1256,Advanetwork Technology Pte Ltd,3,,,,
1257,Advocado Pte Ltd,3,,,,
1258,Total eBiz Solutions,3,,,,
1259,Top Middle Base Pte Ltd,3,,,,
1260,Tocco Studios Pte Ltd,3,,,,
1261,Aiden Creative Pte Ltd,3,,,,
1262,Aidia Pte Ltd,3,,,,
1263,Alan Photo Pte Ltd,3,,,,
1264,The Hover Cart,3,,,,
1265,The Commandment Co.,3,,,,
1266,Telstra,3,,,,
1267,Amino Sports,3,,,,
1268,Antarius IS Pte Ltd,3,,,,
1269,TOUFIE PTE. LTD.,3,,,,
1270,Aodigy Asia Pacific Pte. Ltd.,3,,,,
1271,TME SYSTEMS PTE LTD,3,,,,
1272,TGS Solutions,3,,,,
1273,Applied Compliance Technologies,3,,,,
1274,Arcadier,3,,,,
1275,Archetype,3,,,,
1276,Vainity Wear,3,,,,
1277,ATP Technology Pte Ltd,3,,,,
1278,ATOMIT NETWORKS PTE. LTD.,3,,,,
1279,YOURBIT COMPUTER PTE. LTD.,3,,,,
1280,tCognition consultancy pvt. ltd.,3,,,,
1281,iCHEF SG PTE LTD,3,,,,
1282,essDOCS Asia Pacific Pte Ltd,3,,,,
1283,7W CONSULTANCY PTE. LTD.,3,,,,
1284,A LOOP PTE  LTD,3,,,,
1285,ABECHA PTE LTD,3,,,,
1286,Zil Sci Pte Ltd,3,,,,
1287,ZIRCOM NETWORKS PTE LTD,3,,,,
1288,ACE6 Technology Pte Ltd,3,,,,
1289,ACI WORLDWIDE (ASIA) PTE. LTD.,3,,,,
1290,ACKTEC TECHNOLOGIES PTE. LTD.,3,,,,
1291,YWVISION PTE. LTD.,3,,,,
1292,ADI-DESIGNS PTE. LTD.,3,,,,
1293,Veev Digital Works Pte Ltd,3,,,,
1294,XJERA LABS PTE. LTD.,3,,,,
1295,ADVA OPTICAL NETWORKING SINGAPORE PTE. LTD.,3,,,,
1296,ADVANCED MICROCOMPUTERS PTE. LTD.,3,,,,
1297,"Williams-Sonoma, Inc.",3,,,,
1298,Web Synergies (S) Pte Ltd,3,,,,
1299,Wealth Dynamix,3,,,,
1300,AG Polytronics Pte Ltd,3,,,,
1301,ALTERYX SINGAPORE PTE. LTD.,3,,,,
1302,WEEBO PTE. LTD.,3,,,,
1303,WEBSTAR PTE. LTD.,3,,,,
1304,Veritas Technologies,3,,,,
1305,ATA IT LTD.,3,,,,
1306,Arkadin Singapore Pte Ltd,3,,,,
1307,Asiatel(S) Pte Ltd,3,,,,
1308,Astronics Technologies Pte Ltd,3,,,,
1309,Resonance Pte Ltd,3,,,,
1310,Bigg.WORLD Pte Ltd,3,,,,
1311,SHIJI (SINGAPORE) PTE. LTD.,3,,,,
1312,Biomatrix Chain Intelligence,3,,,,
1313,SGTech,3,,,,
1314,SEVAK LIMITED,3,,,,
1315,SECURECRAFT PTE. LTD.,3,,,,
1316,Black Sesame Technologies (Singapore) Pte Ltd,3,,,,
1317,SAS,3,,,,
1318,Bluecom Solutions Pte Ltd-,3,,,,
1319,SANDBOX TECHNOLOGY PTE. LTD,3,,,,
1320,Bluzen Pte Ltd,3,,,,
1321,SAGE,3,,,,
1322,Reed Business Information,3,,,,
1323,BeaconMi Technologies Pte Ltd,3,,,,
1324,Ramco Systems Pte Ltd,3,,,,
1325,CAS TECHNOLOGY PTE LTD,3,,,,
1326,RIB Pte Ltd,3,,,,
1327,RHS ASIA PTE. LTD.,3,,,,
1328,RED24 PTE. LTD.,3,,,,
1329,REALly SG,3,,,,
1330,RAPID EFFECT PTE LTD,3,,,,
1331,RADIX BERRIE PTE. LTD.,3,,,,
1332,Quape Pte Ltd,3,,,,
1333,CHD Asia Pte Ltd,3,,,,
1334,QUANDOO SINGAPORE PTE. LIMITED,3,,,,
1335,Pulse iD,3,,,,
1336,SIGNAGELIVE PTE. LTD.,3,,,,
1337,SMARTSTREAM TECHNOLOGIES (ASIA PACIFIC) PTE LTD,3,,,,
1338,Synergix Tech,3,,,,
1339,Silent Frontier Pte Ltd,3,,,,
1340,Synchronous,3,,,,
1341,Supernova,3,,,,
1342,Super Drama Group,3,,,,
1343,Start Corporate Services Pte Ltd,3,,,,
1344,Star Shield,3,,,,
1345,Autocount (S) Pte Ltd,3,,,,
1346,Sower Essentials Pte. Ltd.,3,,,,
1347,Soon Poh Telecommunications Pte Ltd,3,,,,
1348,Solderfield,3,,,,
1349,BELL SOLUTIONS,3,,,,
1350,Singapore Computer Society,3,,,,
1351,SimPlus Pte. Ltd.,3,,,,
1352,Shop it green,3,,,,
1353,SOFTWARE AG (SINGAPORE) PTE. LTD.,3,,,,
1354,BIOLIDICS LIMITED,3,,,,
1355,ServiceDott Pte Ltd,3,,,,
1356,Sequoia Pte. Ltd.,3,,,,
1357,Sci Ecommerce SG,3,,,,
1358,BLUESCHEME INC. PTE. LTD.,3,,,,
1359,SYQIC CAPITAL PRIVATE LIMITED,3,,,,
1360,STRONTIUM TECHNOLOGY PTE. LTD.,3,,,,
1361,STREBEN TECHNOLOGIES,3,,,,
1362,STEMCELL TECHNOLOGIES SINGAPORE PTE. LTD.,3,,,,
1363,SQL View Pte Ltd,3,,,,
1364,SPEEDCAST SINGAPORE PTE. LTD.,3,,,,
1365,SPACEROAM PTE. LTD. Y5Buddy Singapore,3,,,,
1366,Ludic Games,3,,,,
1367,COVALENT CAPITAL PTE. LTD.,3,,,,
1368,ENHANZCOM PTE. LTD.,3,,,,
1369,IT TECHNOLOGIES PTE LTD,3,,,,
1370,Kelare Technologies Pte. Ltd.,3,,,,
1371,Gadget Mix,3,,,,
1372,Ideal Workspace,3,,,,
1373,Excelitas Technologies Corp.,3,,,,
1374,GSK Group Pte Ltd,3,,,,
1375,Ground Labs Pte Ltd,3,,,,
1376,ECXX GLOBAL PTE. LTD.,3,,,,
1377,Ex Libris Asia Pacific Pte. Ltd.,3,,,,
1378,Gro-Venture Holdings Pte Ltd,3,,,,
1379,Eber,3,,,,
1380,Lelong Factory,3,,,,
1381,IT ESSENTIALS PTE. LTD.,3,,,,
1382,GROUP NAUTICAL PTE. LIMITED,3,,,,
1383,Extent Communications,3,,,,
1384,INECOM PTE. LTD.,3,,,,
1385,Euresys Pte Ltd,3,,,,
1386,GABKOTECH INNOVATIONS PTE LTD,3,,,,
1387,HELLO TECHNOLOGY PTE LTD,3,,,,
1388,IDEXX LABORATORIES SINGAPORE PTE. LTD.,3,,,,
1389,ELASTICSEARCH PTE. LTD.,3,,,,
1390,Geenet Pte Ltd,3,,,,
1391,Inginim Pte Ltd,3,,,,
1392,Knowledge Computers Pte Ltd,3,,,,
1393,InnoSenze,3,,,,
1394,HARNN Singapore,3,,,,
1395,Kenn Cabling Pte Ltd,3,,,,
1396,IMBA SOLUTIONS PTE. LTD.,3,,,,
1397,L.D. Waxson Singapore Pte Ltd,3,,,,
1398,GigglyFeet,3,,,,
1399,GOOD FOR FOOD PTE. LTD.,3,,,,
1400,EMATIC SOLUTIONS PTE. LTD.,3,,,,
1401,Kidscode,3,,,,
1402,GREY SCALE PTE. LTD.,3,,,,
1403,ITALENTPRO PTE. LTD.,3,,,,
1404,FIS,3,,,,
1405,JAGGAER ASIA PACIFIC PTE LTD,3,,,,
1406,INVENGO TECHNOLOGY PTE. LTD.,3,,,,
1407,Foodzaps Technology Pte Ltd,3,,,,
1408,LE TACH PTE. LTD,3,,,,
1409,LEXIA ANALYTICS PTE. LTD.,3,,,,
1410,EkkBaz.com,3,,,,
1411,HLA Garment Singapore Pte Ltd,3,,,,
1412,Kaira Technologies Pte Ltd,3,,,,
1413,IP Technology Solutions Pte Ltd,3,,,,
1414,INSIDER SECURITY PTE. LTD.,3,,,,
1415,11.11 Technologies Pte Ltd,3,,,,
1416,Elevating Studio Pte. Ltd.,3,,,,
1417,GN Audio (S) Pte Ltd,3,,,,
1418,JBT Technology Pte Ltd (Bao He Group),3,,,,
1419,Gill Technologies Pte. Ltd.,3,,,,
1420,Kalpha,3,,,,
1421,Greenfossil Pte Ltd,3,,,,
1422,KANEPI PTE. LTD.,3,,,,
1423,Hzcg Pte Ltd,2,,,,
1424,Itron Metering Systems Singapore Pte Ltd,2,,,,
1425,CADFEM SEA PTE. LTD.,2,,,,
1426,CLOUD ALLIANCE PTE. LTD.,2,,,,
1427,QUBIDA ANALYTICS PTE. LTD.,2,,,,
1428,QUARK SPARK PTE. LTD.,2,,,,
1429,QUANTUM INVENTIONS PRIVATE LIMITED,2,,,,
1430,RE:TERRA Pte Ltd,2,,,,
1431,COLT TECHNOLOGY SERVICES PTE. LTD.,2,,,,
1432,Purplecoms Pte Ltd,2,,,,
1433,ByteDance,2,,,,
1434,CL SYSTEMS PTE. LTD.,2,,,,
1435,Ready Software Pte Ltd,2,,,,
1436,Ubisoft Singapore Pte Ltd,2,,,,
1437,Pslove,2,,,,
1438,Japanese Eyewear Company,2,,,,
1439,COMPTRAC SYSTEMS TECHNOLOGY PTE. LTD.,2,,,,
1440,Recolor Gallery,2,,,,
1441,JeriPay Pte Ltd,2,,,,
1442,Bubbies Co,2,,,,
1443,Agilent,2,,,,
1444,CLEARgo,2,,,,
1445,CBS Interactive,2,,,,
1446,RAWR GLOBAL PRIVATE LIMITED,2,,,,
1447,Active 8 Pte Ltd,2,,,,
1448,Unistech Pte Ltd,2,,,,
1449,Trype,2,,,,
1450,JAZ COMMUNICATION & TRADING PTE. LTD.,2,,,,
1451,TradeGecko,2,,,,
1452,Quista Technology Pte Ltd,2,,,,
1453,QuickHR,2,,,,
1454,JNE SOLVEWARE,2,,,,
1455,CHINA UNICOM (SINGAPORE) OPERATIONS PTE. LTD.,2,,,,
1456,CIRCL,2,,,,
1457,CIRCLE8 PTE. LTD.,2,,,,
1458,Advance Pinnacle Technologies Pte Ltd,2,,,,
1459,RSP SYSTEMS PTE LTD,2,,,,
1460,CALL LEVELS PTE. LTD.,2,,,,
1461,Actxa Pte Ltd,2,,,,
1462,CITIC Envirotech Ltd,2,,,,
1463,Human & Human Private Limited,2,,,,
1464,UIC Asian Computer Services Pte Ltd,2,,,,
1465,Trendhim,2,,,,
1466,CITY-TECH ASSOCIATES,2,,,,
1467,Rainforest Qa,2,,,,
1468,Adverite Pte Ltd,2,,,,
1469,RANSNET SINGAPORE PTE. LTD.,2,,,,
1470,Accumet Instruments Pte Ltd,2,,,,
1471,Unisys (Malaysia) Sdn Bhd,2,,,,
1472,ASUS Global Pte. Ltd.,2,,,,
1473,Juzz Web Pte Ltd,2,,,,
1474,VOUSE PTE. LTD.,2,,,,
1475,Hi-Ex IT Services Pte Ltd,2,,,,
1476,Valuelink Pte Ltd,2,,,,
1477,EZBUY,2,,,,
1478,EXIGER SINGAPORE PTE. LTD.,2,,,,
1479,Hewlett Packard Enterprise (HPE),2,,,Yes,
1480,KAWATEC PTE. LTD.,2,,,,
1481,PRESENT VALUE ASIA PTE. LTD.,2,,,,
1482,Vasss Pte Ltd,2,,,,
1483,EXCELITAS TECHNOLOGIES SINGAPORE PTE. LTD.,2,,,,
1484,EXALIT PTE. LTD.,2,,,,
1485,CenturyLink Singapore,2,,,,
1486,KEWMANN PTE. LTD.,2,,,,
1487,AST Distribution Asia Pte Ltd,2,,,,
1488,VIVO TECHNOLOGIES PTE. LTD.,2,,,,
1489,Verlocal Singapore,2,,,,
1490,Versent -TN,2,,,,
1491,PFU ASIA PACIFIC PTE. LTD.,2,,,,
1492,Charles River Systems. Inc,2,,,,
1493,ChartNexus Pte Ltd,2,,,,
1494,PEARL CARE SINGAPORE PTE. LTD.,2,,,,
1495,EUROFINS CENTRAL LABORATORY PTE. LTD.,2,,,,
1496,Vertical Payment Solutions Pte Ltd,2,,,,
1497,KINGLAB INTERNATIONAL PTE LTD,2,,,,
1498,ASIA ASSET RECOVERY PTE. LTD.,2,,,,
1499,ASCENSTAR PTE. LTD.,2,,,,
1500,PAISOFT PRIVATE LIMITED,2,,,,
1501,China Telecom (Singapore) Pte Ltd,2,,,,
1502,ASC SERVICES & SUPPLIES,2,,,,
1503,PanelPlace International Pte Ltd,2,,,,
1504,Parrot Funhouse,2,,,,
1505,Acquired Capital Pte Ltd,2,,,,
1506,Platinum Yoga Ptd Ltd,2,,,,
1507,CONVERSANT SOLUTIONS PTE. LTD.,2,,,,
1508,Untangle AI,2,,,,
1509,Presence Pte Ltd,2,,,,
1510,Powata Pte Ltd,2,,,,
1511,Ace Pacific Pte Ltd,2,,,,
1512,Global Crypto Alliance,2,,,,
1513,Jewel Changi Airport Devt. Pte Ltd,2,,,,
1514,CREATIVE E-WORLD PTE LTD,2,,,,
1515,VAS CREATIVE PTE LTD,2,,,,
1516,CROSSBORDER ENTERPRISES PTE. LTD.,2,,,,
1517,Remax & WK Singapore Pte Ltd,2,,,,
1518,Plunify Pte Ltd,2,,,,
1519,Accpro Computer Systems Pte Ltd,2,,,,
1520,Home Click Pte Ltd,2,,,,
1521,AXXA Global,2,,,,
1522,AVERTECH SYSTEM PTE LTD,2,,,,
1523,JobTech Pte Ltd,2,,,,
1524,CUBE PAYMENT SERVICES PTE. LTD.,2,,,,
1525,VERITAS STORAGE (SINGAPORE) PTE. LTD.,2,,,,
1526,Pinnacle Scientific Pte Ltd,2,,,,
1527,CYANSYS PRIVATE LIMITED,2,,,,
1528,VERTEXPLUS TECHNOLOGIES PTE. LTD.,2,,,,
1529,VERTIGO GAMES INTERNATIONAL PTE. LTD.,2,,,,
1530,Home & Gifts Enterprise,2,,,,
1531,VIAVI SOLUTIONS SINGAPORE PTE. LTD.,2,,,,
1532,Avanca Technologies Pte Ltd,2,,,,
1533,Peripheral Solutions Pte Ltd,2,,,,
1534,AWSG Pte Ltd,2,,,,
1535,Holystic Sneaker Laundry,2,,,,
1536,Patsnap,2,,,,
1537,Broctagon Fintech Group,2,,,,
1538,SMARTFUTURE PTE. LTD.,2,,,,
1539,Resonant Networks Pte Ltd,2,,,,
1540,Scientec Technology Pte Ltd,2,,,,
1541,Sigi Skin,2,,,,
1542,Swotfish Automation Software Pte Ltd,2,,,,
1543,FLEET PLUS,2,,,,
1544,FLEXANSWER SOLUTIONS PTE. LTD.,2,,,,
1545,ITN.COM PRIVATE LIMITED,2,,,,
1546,BITS & BYTES MARKETING PTE LTD,2,,,,
1547,Sentience Solutions Pte Ltd,2,,,,
1548,Sensorflow Pte Ltd,2,,,,
1549,Assemble SG,2,,,,
1550,Sendtech Pte Ltd,2,,,,
1551,BLACKBERRY SINGAPORE PTE. LIMITED,2,,,,
1552,BLIN NETWORK PTE. LTD.,2,,,,
1553,Secureworks Pte Ltd,2,,,,
1554,Sea Group,2,,,,
1555,Esol PTE LTD,2,,,,
1556,Silverlake MasterSAM Pte Ltd,2,,,,
1557,In3labs Pte Ltd,2,,,,
1558,Indorse Pte Ltd,2,,,,
1559,Asia Access Telecom,2,,,,
1560,INCHONE PTE. LTD.,2,,,,
1561,FULLHOUSE HOME FURNISHINGS PTE. LTD.,2,,,,
1562,TECHJACK PTE. LTD.,2,,,,
1563,Arcstone Pte Ltd,2,,,,
1564,Archetype Agency,2,,,,
1565,BOW Pte Ltd,2,,,,
1566,SYSPRO CONSULTING PRIVATE LIMITED,2,,,,
1567,SYION PRIVATE LIMITED,2,,,,
1568,SWISSPRO PTE. LTD.,2,,,,
1569,FUSIONEX PTE. LTD.,2,,,,
1570,SUNTOYO TECHNOLOGY PTE LTD,2,,,,
1571,Signbox Microsystems,2,,,,
1572,Simple Solution Systems Pte Ltd,2,,,,
1573,Aimer Singapore Pte Ltd,2,,,,
1574,Aunix International Pte Ltd,2,,,,
1575,Avatier (Singapore) Pte Ltd,2,,,,
1576,Spectacle Hut Pte. Ltd.,2,,,,
1577,FERRANTI PTE. LTD.,2,,,,
1578,INTERNET HARBOR (SG) PTE. LTD.,2,,,,
1579,Avennetz Technologies,2,,,,
1580,Avensys Consulting  Pte Ltd,2,,,,
1581,"SoftLayer Technologies, Inc.",2,,,,
1582,INVIGOR ASIA PTE. LTD.,2,,,,
1583,FASTBOOKING ASIA PRIVATE LIMITED,2,,,,
1584,IOIO Lab Pte Ltd,2,,,,
1585,Smitiv Mobile Technologies,2,,,,
1586,Axxis Consulting,2,,,,
1587,Statista,2,,,,
1588,Smartcity Solutions Pte Ltd,2,,,,
1589,Azure Engineering,2,,,,
1590,SimplerCloud Pte Ltd,2,,,,
1591,SmartRetail,2,,,,
1592,BANDIT LIVE PTE LTD,2,,,,
1593,IP-TRIBE (PRIVATE) LIMITED,2,,,,
1594,INOVUUS TECHNOLOGIES PTE LTD,2,,,,
1595,Style Degree by Gallerie Pte Ltd,2,,,,
1596,Styleguide,2,,,,
1597,IPL PTE. LTD.,2,,,,
1598,SixSense Pte. Ltd.,2,,,,
1599,Sunday Staples Pte Ltd,2,,,,
1600,FACT SOFTWARE INTERNATIONAL PTE LTD,2,,,,
1601,Sunglass Hut (south East Asia) Pte Ltd,2,,,,
1602,Singapore Fashion Trading Pte Ltd,2,,,,
1603,Singapore Coffee Services Pte. Ltd.,2,,,,
1604,FITCH RATINGS SINGAPORE PTE. LTD.,2,,,,
1605,Appsels,2,,,,
1606,SUCCESS IT CONSULTANCY & SERVICES PTE. LTD.,2,,,,
1607,TEXTURE MEDIA PTE. LTD.,2,,,,
1608,Blue Phish,2,,,,
1609,IBM,2,,,Yes,
1610,Bit Beta Pte. Ltd.,2,,,,
1611,Allegro,2,,,,
1612,All ID Asia Pte Ltd,2,,,,
1613,Enable Business,2,,,,
1614,Bitllion,2,,,,
1615,Teradata,2,,,,
1616,EnGenius Networks Singapore Pte. Ltd.,2,,,,
1617,The Beautiful One,2,,,,
1618,SDL Multi-Lingual Solutions (Singapore) Pte Ltd,2,,,,
1619,The Book Depository Limited,2,,,,
1620,The Chosen Goods,2,,,,
1621,IBASE TECHNOLOGY PRIVATE LIMITED,2,,,,
1622,SARTORIUS SINGAPORE PTE. LTD.,2,,,,
1623,Intello Labs Pvt. Ltd.,2,,,,
1624,Ericsson Telecommunications,2,,,,
1625,The Green Party,2,,,,
1626,Healthzilla,2,,,,
1627,Flowcast,2,,,,
1628,Elephant Parade Retail Singapore Pte Ltd,2,,,,
1629,I-SERV ASIA PTE. LTD.,2,,,,
1630,The Nurturing Co.,2,,,,
1631,The Oddle Company Pte Ltd,2,,,,
1632,Borderless Hub Pte Ltd,2,,,,
1633,I-Math Pte Ltd,2,,,,
1634,Boston Scientific,2,,,,
1635,Intuit Singapore Pte Ltd,2,,,,Yes
1636,RiveRit Pte Ltd,2,,,,
1637,I-INNOVA SOLUTIONS PTE LTD,2,,,,
1638,BridgettBelle,2,,,,
1639,Allegro Aqua Pte Ltd,2,,,,
1640,Fitta Active Wear,2,,,,
1641,SG iMed,2,,,,
1642,Enfrasys Consulting Pte Ltd,2,,,,
1643,Erez Private Limited,2,,,,
1644,Faculty Digital,2,,,,
1645,STEM Inc.,2,,,,
1646,THE RETAIL'S ROOM PRIVATE LTD.,2,,,,
1647,Infoblox Inc,2,,,,
1648,Appen,2,,,,
1649,Aora,2,,,,
1650,"Far Eastern Travel Safety Pte Ltd, trading as Taxi Baby Co.",2,,,,
1651,BYMACHT PTE. LTD.,2,,,,
1652,IESVE Singapore Pte Ltd,2,,,,
1653,SOFTING SINGAPORE PTE. LTD.,2,,,,
1654,Informatica,2,,,,
1655,ICREO PTE. LTD.,2,,,,
1656,SMART GATEWAY PTE. LTD.,2,,,,
1657,BaoHe Group,2,,,,
1658,SINGAPORE E-BUSINESS PTE. LTD.,2,,,,
1659,SILENT EIGHT PTE LTD,2,,,,
1660,SIGNAVIO PTE. LTD.,2,,,,
1661,Talariax Pte Ltd,2,,,,
1662,Innoark Pte Ltd,2,,,,
1663,Fave Singapore,2,,,,
1664,"Talevale Technology Co., Ltd.",2,,,,
1665,SIGFOX SINGAPORE PTE. LTD.,2,,,,
1666,Enoteca Co Limited,2,,,,
1667,Tapway,2,,,,
1668,Tata Communications,2,,,,
1669,SHEOSAR PTE. LTD.,2,,,,
1670,Inspire-Tech Pte Ltd,2,,,,
1671,TechCode Solutions Pte Ltd,2,,,,
1672,Virtual Trunk Pte. Ltd.,2,,,,
1673,VIEWPOINT SOFTWARE SERVICES PTE. LTD.,2,,,,
1674,ARzap Studio Pte Ltd,2,,,,
1675,Mobikon Asia Pte Ltd,2,,,,
1676,DZH International,2,,,,
1677,MyRepublic Limited,2,,,,
1678,HITACHI SYSTEMS DIGITAL SERVICES (SINGAPORE) PTE. LTD.,2,,,Yes,
1679,Munch Technologies,2,,,,
1680,Multimedia People,2,,,,
1681,LINEAR TECHNOLOGY PTE LTD,2,,,,
1682,YeoMama Batik,2,,,,
1683,LINKFLUENCE ASIA PTE. LTD.,2,,,,
1684,Yours,2,,,,
1685,Monstar Lab,2,,,,
1686,Yuuzoo,2,,,,
1687,MomoCentral,2,,,,
1688,Mobile Workforce Solution Pte Ltd,2,,,,
1689,ENGINEERING COMPUTER SERVICES (S) PTE LTD,2,,,,
1690,NANOFLUX PTE. LTD.,2,,,,
1691,Milestone Systems Pte. Ltd.,2,,,,
1692,ZENLAYER (SINGAPORE) PTE. LTD.,2,,,,
1693,ACCRETS INTERNATIONAL PTE. LTD.,2,,,,
1694,Gallenco Science,2,,,,
1695,GameTop,2,,,,
1696,ZOHO CORPORATION PTE. LTD.,2,,,,
1697,ZONE TELECOM PTE LTD,2,,,,
1698,LVMH Perfumes & Cosmetics (Benefit Cosmetics),2,,,,
1699,DeepBluSea Data Talk Pte. Ltd.,2,,,,
1700,Messages On Hold,2,,,,
1701,Delegate Pte. Ltd.,2,,,,
1702,ZOOLOO INFORMATION SYSTEMS PTE. LTD.,2,,,,
1703,Mermaid by The Dancing Jewels,2,,,,
1704,YSIN & CHIA CONSTRUCTION PTE. LTD.,2,,,,
1705,ENRICH INNOVATIONS PTE LTD,2,,,,
1706,ZOOM VISUAL PTE. LTD...,2,,,,
1707,NTT Security,2,,,,
1708,GOLDEN SUPREME INTERNATIONAL PTE. LTD.,2,,,,
1709,Netrust Pte Ltd,2,,,,
1710,EPOINT SYSTEMS PTE LTD,2,,,,
1711,Windsor.ai,2,,,,
1712,Creative Fountain Pte Ltd,2,,,,
1713,GRAYMATICS - SG PTE. LTD.,2,,,,
1714,Crystal Time,2,,,,
1715,Nera Telecommunication,2,,,,
1716,CyberQuote Pte Ltd,2,,,,
1717,GREENWAVE SYSTEMS PTE. LTD.,2,,,,
1718,Narus Knowledge Pte Ltd,2,,,,
1719,DCS SYNTHESIS PTE. LTD.,2,,,,
1720,NUS Department of Microbiology and Immunology,2,,,,
1721,DELTA COMMUNICATIONS PTE. LTD.,2,,,,
1722,NESS GLOBAL SERVICES PTE. LTD.,2,,,,
1723,HOME SWEET HOME PROFESSIONAL RECRUITMENT AGENCY,2,,,,
1724,HOKUAPPS PTE. LTD.,2,,,,
1725,EON REALITY PTE. LTD.,2,,,,
1726,ENWORKZ PTE LTD,2,,,,
1727,NEWMEDIA EXPRESS PTE. LTD.,2,,,,
1728,NEW4U SYSTEM PTE LTD,2,,,,
1729,DISA DIGITAL SAFETY PTE. LTD.,2,,,,
1730,NEW ENGLAND BIOLABS PTE. LTD.,2,,,,
1731,ADEMCO INVESTMENTS PTE. LTD.,2,,,,
1732,NETWORK BOX (SIN) PTE. LTD.,2,,,,
1733,NETSYS PTE LTD,2,,,,
1734,LEDbay Lighting Pte Ltd,2,,,,
1735,YOJEE OPS PTE. LTD.,2,,,,
1736,Merkle Science,2,,,,
1737,ZTE SINGAPORE PTE. LTD.,2,,,,
1738,Nexivity Pte. Ltd.,2,,,,
1739,MARIAPPS MARINE SOLUTIONS PTE. LTD.,2,,,,
1740,gumi Asia Pte. Ltd.,2,,,,
1741,MIG MOBILE TECH LTD,2,,,,
1742,iBay Systems,2,,,,
1743,iCreationsLab Pte Ltd,2,,,,
1744,METROHM SINGAPORE PTE LTD,2,,,,
1745,DocViser,2,,,,
1746,iMatriz Solutions Pte Ltd,2,,,,
1747,MEGA International,2,,,,
1748,Leverage Virtuoso P L,2,,,,
1749,Levi Strauss & Co,2,,,,
1750,Dow Technologies and Sysems,2,,,,
1751,LikeMeetWork,2,,,,
1752,Dow Technologies and Systems,2,,,,
1753,GoSwiff International Pte Ltd,2,,,,
1754,ML Systems Integrator Pte Ltd,2,,,,
1755,MAISON ACE PTE. LTD.,2,,,,
1756,Liquid Pay (Featured),2,,,,
1757,EBAY SINGAPORE SERVICES PRIVATE LIMITED,2,,,,
1758,pickupp,2,,,,
1759,pole to win,2,,,,
1760,DuPont,2,,,,
1761,Dynamics Solutions Pte Ltd,2,,,,
1762,E-SERVICES GROUP LIMITED,2,,,,
1763,Lusus Lab Pte Ltd,2,,,,
1764,Lively Legs,2,,,,
1765,Lumine Singapore Pte Ltd,2,,,,
1766,Lucy & Mui,2,,,,
1767,Lomotif,2,,,,
1768,Dinlr Pte. Ltd.,2,,,,
1769,MOBILE COMMUNITY TECH PTE. LTD.,2,,,,
1770,Mega Asia,2,,,,
1771,Giftionery Internatoinal Pte Ltd,2,,,,
1772,Delivery Holdings Singapore,2,,,,
1773,ZYLLEM PTE. LTD.,2,,,,
1774,ACCELERATE TECHNOLOGIES PTE. LTD.,2,,,,
1775,La Vie Boheme Pte Ltd (Boheme SG),2,,,,
1776,Gentle Pup Pte Ltd,2,,,,
1777,Zencomputes Pte Ltd,2,,,,
1778,Mars Blockchain Pte Ltd,2,,,,
1779,MarketFactory,2,,,,
1780,Zilliqa,2,,,,
1781,Zing Technologies Pte Ltd,2,,,,
1782,Maltem,2,,,,
1783,Make8nice Creative Agency Singapore,2,,,,
1784,Maka GPS Technologies,2,,,,
1785,DigiFinex Pte. Ltd.,2,,,,
1786,Grouphunt Pte Ltd,2,,,,
1787,8BIT GLOBAL PTE. LTD.,2,,,,
1788,Macro Kiosk Pte Ltd,2,,,,
1789,Lantone Systems Pte Ltd,2,,,,
1790,Digital Tech,2,,,,
1791,MYNET TECHNOLOGIES PTE. LTD.,2,,,,
1792,MVI TECHNOLOGIES (S) PTE LTD,2,,,,
1793,MUVEE TECHNOLOGIES PTE LTD,2,,,,
1794,EF Software,2,,,,
1795,07.Nov,2,,,,
1796,eNOVA TECHNOLOGIES PTE LTD,2,,,,
1797,earth9.com Pte Ltd,2,,,,
1798,Ding He E-Commerce Pte. Ltd.,2,,,,
1799,MONA COMPUTER SYSTEMS (S) PTE LTD,2,,,,
1800,Newgen Software Technologies Ltd,2,,,,
1801,NEC Technologies India Private Limited,2,,,,
1802,Spiraltech Pte Ltd,2,,,,
1803,Novage Communications Pte Ltd,2,,,,
1804,HardwareCity (S) Pte Ltd,2,,,,
1805,Consistel,2,,,,
1806,Harmony Cloud Systems,2,,,,
1807,AFL Technologies Pte Ltd.,2,,,,
1808,OmniStrada Ltd. Pte.,2,,,,
1809,Conversion Hub Marketing Pte Ltd,2,,,,
1810,One-Net Communications Pte Ltd,2,,,,
1811,AFON PTE. LTD.,2,,,,
1812,WANHO MANUFACTURING (S) PTE. LTD.,2,,,,
1813,KYLAND TECHNOLOGY ASIA PTE LTD,2,,,,
1814,Noosyn Tech,2,,,,
1815,AFFLUENT SOFTWARE INNOVATIONS PTE. LTD.,2,,,,
1816,AESTHERIOR PTE. LTD.,2,,,,
1817,Vortrell Pte Ltd,2,,,,
1818,Cochat,2,,,,
1819,APPZGATE SOLUTIONS PTE. LTD.,2,,,,
1820,Clever Age Asia Ltd,2,,,,
1821,GEMALTO PTE. LTD.,2,,,,
1822,Hannahpad Singapore,2,,,,
1823,OUR COCOMO PTE. LTD.,2,,,,
1824,ESLL Pte Ltd,2,,,,
1825,GEDDON NETWORK CONSULTANCY PTE LTD,2,,,,
1826,OLIVEASIA.com PTE. LTD,2,,,,
1827,Kingly,2,,,,
1828,Commerce Online Pte Ltd,2,,,,
1829,APPXOLUTE PRIVATE LIMITED,2,,,,
1830,ESRI SINGAPORE PTE. LTD.,2,,,,
1831,Klaud9 Pte Ltd,2,,,,
1832,Ogre Pte Ltd,2,,,,
1833,Wavecell,2,,,,
1834,AG Capital Partners,2,,,,
1835,Nucon.io,2,,,,
1836,KOFAX SINGAPORE PTE. LTD.,2,,,,
1837,Cloud Wings Pte Ltd,2,,,,
1838,KKday Singapore Pte Ld,2,,,,
1839,Next Life Book Pte Ltd,2,,,,
1840,KNOCKNOCK TECHNOLOGIES ASIA PTE. LTD.,2,,,,
1841,ARETE ASIA PACIFIC PTE. LTD.,2,,,,
1842,AERADIO Technology Pte Ltd,2,,,,
1843,Circle Enterprise Pte Ltd,2,,,,
1844,HUAHAI TECHNOLOGIES PTE. LTD.,2,,,,
1845,H-kare Solutions Pte Ltd,1,,,,
1846,Archanan,1,,,,
1847,TELESTATION INFOCOMM PTE. LTD.,1,,,,
1848,AURIONPRO SOLUTIONS PTE. LTD.,1,,,,
1849,Starbase,1,,,,
1850,Vonnue Innovations Pte Ltd,1,,,,
1851,TELOGIC LTD.,1,,,,
1852,VitalOne,1,,,,
1853,Vicam Electronics Pte Ltd,1,,,,
1854,Zookal PTE LTD,1,,,,
1855,INTEGRAL SOLUTIONS (ASIA) PTE LTD,1,,,,
1856,FUNCTIONEIGHT PTE. LTD.,1,,,,
1857,ViSenze Pte Ltd,1,,,,
1858,Zukitek Private Limited,1,,,,
1859,Hao Ye Sheng Shi Solutions Pte. Ltd.,1,,,,
1860,TERTIARY INFOTECH PTE. LTD.,1,,,,
1861,Valkin Private Limited,1,,,,
1862,Zumata Labs Pte Ltd,1,,,,
1863,ViSenze - Artificial Intelligence for the Visual Web,1,,,,
1864,Autelier Pro Pte Ltd,1,,,,
1865,INSPIFY Pte. Ltd,1,,,,
1866,Hao Ye Sheng Shi Solutions Pte. Ltd. (Bao He Group),1,,,,
1867,FORCS Singapore PTE.LTD.,1,,,,
1868,Arkadin (Singapore) Pte Ltd,1,,,,
1869,Startup Reactor,1,,,,
1870,Asense,1,,,,
1871,spaceSense.co,1,,,,
1872,AUSTRALIA TECHNOLOGIES PTE. LTD.,1,,,,
1873,Gnowbe Pte Ltd.,1,,,,
1874,Hides and Thread,1,,,,
1875,WHIZWORDZ INTERNATIONAL PTE. LTD.,1,,,,
1876,TUEETOR PTE. LTD.,1,,,,
1877,ICS Multimedia Pte Ltd,1,,,,
1878,ALC TECHNOLOGIES,1,,,,
1879,TRADEX SYSTEMS PTE. LTD.,1,,,,
1880,Glosap Consulting Pte ltd,1,,,,
1881,Hao Mu Pte Ltd,1,,,,
1882,FastQ,1,,,,
1883,Hao Ye Sheng Shi Solutions Pte Ltd (Bao He Group),1,,,,
1884,Zahara,1,,,,
1885,Fanfare Global Pte Ltd,1,,,,
1886,Hollyhoque,1,,,,
1887,TITANICOM TECH (SINGAPORE) PTE. LTD.,1,,,,
1888,Automation Anywhere,1,,,,
1889,Standard Photo Pte Ltd,1,,,,
1890,Applied Satellite Technology Asia Pte Ltd,1,,,,
1891,INTEGRATECH PTE. LTD.,1,,,,
1892,HEALTH2I PTE. LTD,1,,,,
1893,Apperture Pte Ltd,1,,,,
1894,thepixelage Pte Ltd,1,,,,
1895,THREE LEARNING PTE. LTD.,1,,,,
1896,AVANZARE SOLUTIONS PTE LTD,1,,,,
1897,THE LAPTOP SPECIALIST PTE. LTD.,1,,,,
1898,IHC ASIA PACIFIC PTE. LTD.,1,,,,
1899,ABP Solutions Pte Ltd,1,,,,
1900,IHSE GMBH ASIA PACIFIC PTE. LTD.,1,,,,
1901,Hisendi Pte Ltd,1,,,,
1902,Giftano SG,1,,,,
1903,GoBudgetAir.com Pte Ltd,1,,,,
1904,Zzandr 360 Pte Ltd,1,,,,
1905,ARCSERVE UK BRANCH LIMITED (SINGAPORE BRANCH),1,,,,
1906,Gsk Fashion Style Pte. Ltd.,1,,,,
1907,Vsee Sg Private Limited,1,,,,
1908,3Pro Solutions Pte. Ltd.,1,,,,
1909,iLathys,1,,,,
1910,iMMERSiVELY (Pte Ltd),1,,,,
1911,Glamorbit Pte Ltd,1,,,,
1912,Switcheo Exchange Pte Ltd,1,,,,
1913,Supreme Mobility Product Pte Ltd,1,,,,
1914,W Market SG Pte Ltd,1,,,,
1915,INMARSAT SOLUTIONS PTE. LTD.,1,,,,
1916,"nimbl3 (Thailand) Co., Ltd",1,,,,
1917,INNOQ SOLUTIONS PTE LTD,1,,,,
1918,Superpixel PTE. LTD.,1,,,,
1919,Havence,1,,,,
1920,VersaFleet,1,,,,
1921,Atlas Data Network,1,,,,
1922,Helpling (Rocket Internet-backed Venture),1,,,,
1923,iMetics Pte Ltd,1,,,,
1924,Hello Xom,1,,,,
1925,Supahands,1,,,,
1926,23 Ventures,1,,,,
1927,iOM Pte Ltd,1,,,,
1928,Attila Cybertech Pte Ltd,1,,,,
1929,iOmniscient Pte. Ltd,1,,,,
1930,Graystone International Pte Ltd,1,,,,
1931,Stylepedia,1,,,,
1932,INNOWERKS SOLUTIONS BUSINESS PTE. LTD.,1,,,,
1933,Goldbell Solutions Pte Ltd,1,,,,
1934,infoTrust Singapore Pte Ltd,1,,,,
1935,Vogomo Pte Ltd,1,,,,
1936,ASTERISK COMPUTER (FAR EAST) PTE LTD,1,,,,
1937,INFOVISTA (ASIA-PACIFIC) PTE. LTD.,1,,,,
1938,360activ,1,,,,
1939,Hewlett Packard Enterprise,1,,,,
1940,Variantz,1,,,,
1941,FOMO Pay,1,,,,
1942,TAIZJO (Real Help Pte Ltd),1,,,,
1943,Variantz Asia Pacific Pte. Ltd.,1,,,,
1944,adXpert,1,,,,
1945,75F Singapore Pte Ltd.,1,,,,
1946,Stashally,1,,,,
1947,INFILAN PTE. LTD.,1,,,,
1948,Future Senze Pte Ltd,1,,,,
1949,6X Tech Pte Ltd,1,,,,
1950,Fusionova Technologies Pte Ltd,1,,,,
1951,Aspial,1,,,,
1952,AspireNXT,1,,,,
1953,3radical,1,,,,
1954,Syneos Health Clinical,1,,,,
1955,ATEME SINGAPORE PTE. LTD.,1,,,,
1956,AK Cyclery,1,,,,
1957,Veson Nautical,1,,,,
1958,Funlah,1,,,,
1959,Sén Natural,1,,,,
1960,Vodoke Pte Ltd,1,,,,
1961,Systems Technology Pte Ltd,1,,,,
1962,Assimilated Technologies (S) Pte. Ltd,1,,,,
1963,Hengbao International Pte Ltd,1,,,,
1964,Ventionex International Pte Ltd,1,,,,
1965,ASIANTECH GLOBAL PTE. LTD.,1,,,,
1966,Verint Systems (S) Pte Ltd,1,,,,
1967,ASTORIA SOLUTIONS PTE. LTD.,1,,,,
1968,ZOOP PTE. LTD.,1,,,,
1969,UNIPRO SOFTWARE PTE. LTD.,1,,,,
1970,Anolbe Pte Ltd,1,,,,
1971,Treatsure,1,,,,
1972,Affable,1,,,,
1973,Hyper Marketing (Singapore) Pte Ltd,1,,,,
1974,Ximple Things Pte. Ltd.,1,,,,
1975,Towards Blockchain,1,,,,
1976,Fortress Pte Ltd,1,,,,
1977,Xero,1,,,,
1978,Wellness & Beauty Pte. Ltd.,1,,,,
1979,Tracyeinny Company Pte Ltd,1,,,,
1980,Trade Cloud Services Pte. Ltd.,1,,,,
1981,Tradesmarter Holdings Ltd,1,,,,
1982,Tradesmarter Holdings Ltd Singapore Branch,1,,,,
1983,Aettos,1,,,,
1984,XINDOTS,1,,,,
1985,Hustler & Co.,1,,,,
1986,UniNetwork Global,1,,,,
1987,Xindots (QiXiang Technology Pte. Ltd),1,,,,
1988,Uniqgift,1,,,,
1989,WeddingCrafters,1,,,,
1990,Xindots (QiXiang Technology Pte.Ltd),1,,,,
1991,I'M IN,1,,,,
1992,YALAMANCHILI INTERNATIONAL PTE. LTD.,1,,,,
1993,Thrive Assembly,1,,,,
1994,Achates IT Service Pte Ltd,1,,,,
1995,I Want Helper,1,,,,
1996,Y VENTURES GROUP LTD.,1,,,,
1997,Agi Technosys Pte Ltd,1,,,,
1998,GNO HOLDINGS PTE. LTD.,1,,,,
1999,Tink Labs Limited,1,,,,
2000,Fresh By Grace,1,,,,
2001,Tinvio (Rocket Internet),1,,,,
2002,Websavvy.sg,1,,,,
2003,Agape Enterprise Pte Ltd,1,,,,
2004,Affable (a Media-Tech Company),1,,,,
2005,Unboxed Pte Ltd,1,,,,
2006,Treature,1,,,,
2007,VIIPCTRADE PTE LTD,1,,,,
2008,Acronis,1,,,,
2009,Wisol Singapore Pte Ltd,1,,,,
2010,UCAST PTE. LTD.,1,,,,
2011,UQPAY TECHNOLOGY (SG) PTE. LTD.,1,,,,
2012,Wine.Delivery,1,,,,
2013,Hortonworks,1,,,,
2014,FreeStyle Gaming Pte Ltd,1,,,,
2015,UOMO Group (Singapore),1,,,,
2016,UOMO Collezioni,1,,,,
2017,Activate Interactive Pte Ltd,1,,,,
2018,Horix Pte Ltd,1,,,,
2019,Wild Sundays,1,,,,
2020,ULO Lifestyle Pte Ltd,1,,,,
2021,ADVANCED SYNERGIC PTE LTD,1,,,,
2022,ULTRAFLEX TECHNOLOGY PTE LTD,1,,,,
2023,GOLDCARD PTE. LTD.,1,,,,
2024,UCARS,1,,,,
2025,Fountain Technologies,1,,,,
2026,Witbe,1,,,,
2027,Actigage,1,,,,
2028,TreeBox Solutions Pte Ltd,1,,,,
2029,Adventus IT Service (Philippines) Inc.,1,,,,
2030,XID TECHNOLOGIES PTE. LTD.,1,,,,
2031,XC Trading Singapore Pte Ltd  (A Xerox Company),1,,,,
2032,Treoo Group Pte. Ltd.,1,,,,
2033,ADLINK TECHNOLOGY SINGAPORE PTE LTD,1,,,,
2034,Hubspot,1,,,,
2035,Wondering Pte Ltd,1,,,,
2036,Activ360 By Zen'Yu,1,,,,
2037,Huayi Shang Hang Imp & Exp Pte Ltd,1,,,,
2038,HP Inc (,1,,,Yes,
2039,Ulo,1,,,,
2040,Advance IT Solutions Pte Ltd,1,,,,
2041,U2opia Mobile,1,,,,
2042,Font Creative Pte Ltd,1,,,,
2043,GMS GLOBAL MEDIA SERVICES PTE. LTD.,1,,,,
2044,ADDON SYSTEMS PTE LTD,1,,,,
2045,Akamai Technologies,1,,,,
2046,ACE PERIPHERALS PTE. LTD.,1,,,,
2047,Gaius Walks,1,,,,
2048,Taylor Shoe & Co,1,,,,
2049,HYPERHAUL PTE. LTD.,1,,,,
2050,ZANROO PTE. LTD.,1,,,,
2051,VELOX NETWORKS PL,1,,,,
2052,FeetCare Pte Ltd,1,,,,
2053,ICAS TECHNOLOGY (S) PTE LTD,1,,,,
2054,First Code Academy - CodeCoach,1,,,,
2055,Techtra Solutions Pte Ltd,1,,,,
2056,VELDIS EXPERIENCE PTE. LTD.,1,,,,
2057,Telimax Technology (s) Pte Ltd,1,,,,
2058,Wallex Technologies Pte. Ltd,1,,,,
2059,IBD Technology,1,,,,
2060,VCC PTE. LTD.,1,,,,
2061,Taxi Baby Co.,1,,,,
2062,AGATOS SOFTWARE ENGINEERING PTE LTD,1,,,,
2063,Tasty Duck Salted Egg,1,,,,
2064,White Trousseau,1,,,,
2065,TWO APP STUDIO PTE. LTD.,1,,,,
2066,AITEK SERVICES PTE. LTD.,1,,,,
2067,Ann Teoh,1,,,,
2068,Anchanto,1,,,,
2069,Tag Studio Pte Ltd,1,,,,
2070,Tagstyle Pte Ltd,1,,,,
2071,WISW TECHNOLOGY HOLDINGS PTE. LTD.,1,,,,
2072,VERINON TECHNOLOGY SOLUTIONS PTE. LTD.,1,,,,
2073,Anaplan,1,,,,
2074,AI Singapore,1,,,,
2075,Halohebe,1,,,,
2076,AGILITY LOGISTICS SERVICES PTE. LTD.,1,,,,
2077,ZNT SINGAPORE PTE LTD,1,,,,
2078,Tallis,1,,,,
2079,Yonyou (singapore) Pte Ltd,1,,,,
2080,YoRipe,1,,,,
2081,Yishion Singapore Pte Ltd,1,,,,
2082,Hoomie Inc,1,,,,
2083,Aleph,1,,,,
2084,YOUR STYLE QUO (I- Strada Pte. Ltd. ),1,,,,
2085,The Prefecture Pte Ltd,1,,,,
2086,The Sophia Label,1,,,,
2087,ARRIS SINGAPORE PTE. LTD.,1,,,,
2088,Alcom Electronics Pte Ltd,1,,,,
2089,The Ultimate Software Group of Asia Pte. Ltd...,1,,,,
2090,The Nurturing Co,1,,,,
2091,The Union Pte Ltd,1,,,,
2092,ACONEX,1,,,,
2093,UpFrontLiving Pte Ltd,1,,,,
2094,The Wedding & Co,1,,,,
2095,YIELDIFY SINGAPORE PTE. LTD.,1,,,,
2096,Themesoft Inc Pte.Ltd.,1,,,,
2097,HOGA IYOTA COMMUNICATIONS & TECHNOLOGY (S) PTE. LTD.,1,,,,
2098,Ace Turtle Global,1,,,,
2099,HIGH FLYERS GROUP PRIVATE LIMITED,1,,,,
2100,Frontier e-HR,1,,,,
2101,Terroir Pte Ltd,1,,,,
2102,Aligned Business Pte Ltd,1,,,,
2103,The Bespoke Club (Uomo Group),1,,,,
2104,Yan Yuan Ptd Ltd,1,,,,
2105,GENIQ PTE LTD,1,,,,
2106,The Bud Box SG,1,,,,
2107,The Company Private Limited,1,,,,
2108,GLOBAL DOT COM PTE. LTD.,1,,,,
2109,Yamayo Technology Pte Ltd,1,,,,
2110,The Conscious Lifestyle Pte Ltd,1,,,,
2111,The Dancing Jewels,1,,,,
2112,GIFTS LESS ORDINARY PTE. LTD.,1,,,,
2113,Web-Economy Technology Pte Ltd,1,,,,
2114,YTS Servies Marketing Pte Ltd,1,,,,
2115,Taiger,1,,,,
2116,Lomotif Inc.,1,,,,
2117,INTEGRATED DECISION SYSTEMS CONSULTANCY PTE LTD,1,,,,
2118,KWONTUHM PTE. LIMITED,1,,,,
2119,OCEAN FREIGHT EXCHANGE PTE. LTD.,1,,,,
2120,Kkday International,1,,,,
2121,Kiwi Pte.Ltd.,1,,,,
2122,ERAJAYA SWASEMBADA PTE. LTD.,1,,,,
2123,Comworth Solutions Pte. Ltd.,1,,,,
2124,ComplyAdvantage,1,,,,
2125,ComnetSolutions,1,,,,
2126,Kehjihou Pte Ltd,1,,,,
2127,ORASTREAM PRIVATE LIMITED,1,,,,
2128,ORIGIN ASIAN LIFESCIENCE PTE LTD,1,,,,
2129,OTM Solutions Pte Ltd,1,,,,
2130,OTSAW Digital Pte Ltd,1,,,,
2131,OVERDRIVE IOT PTE. LTD.,1,,,,
2132,Kearea Pte Ltd,1,,,,
2133,Odafy Pte Ltd,1,,,,
2134,Oktomatic Business Solutions Pte Ltd,1,,,,
2135,Cohesion Network Technologies Pte Ltd,1,,,,
2136,Oliveasia Pte Ltd,1,,,,
2137,ETECHNOLOGY CENTRE PTE. LTD.,1,,,,
2138,Codexia Studios,1,,,,
2139,Omni App Solutions Pte Ltd,1,,,,
2140,Coach Operations Pte Ltd,1,,,,
2141,Omnisys Technologies Pte Ltd,1,,,,
2142,Omnitoons,1,,,,
2143,Kaiju Den Pte Ltd,1,,,,
2144,Nutanix,1,,,,
2145,Nugit Pte Ltd.,1,,,,
2146,Connecting Life Pte Ltd,1,,,,
2147,Nextlabs International Pte Ltd,1,,,,
2148,Cresco Data Singapore,1,,,,
2149,Cresco Data,1,,,,
2150,Createsoft Group Pte Ltd,1,,,,
2151,Netsense Business Solutions,1,,,,
2152,Neuroten Pte Ltd,1,,,,
2153,Nex Venture,1,,,,
2154,NexRealm Productions (HADO Singapore),1,,,,
2155,Kyriba,1,,,,
2156,Coty Prestige SEA,1,,,,
2157,Corsiva Lab Pte Ltd,1,,,,
2158,Knowledge Touch Pte Ltd,1,,,,
2159,Nijvest Asia Pte Ltd,1,,,,
2160,Nucleus Software Solutions Pte ltd,1,,,,
2161,Nityo Infotech,1,,,,
2162,Corporate IT Solutions Pte Ltd,1,,,,
2163,No Harm Done Pte Ltd,1,,,,
2164,Cori Traveller,1,,,,
2165,Coolasia Technology Pte Ltd,1,,,,
2166,Novade Solutions Pte Ltd,1,,,,
2167,Control Union Singapore Pte Ltd,1,,,,
2168,Content.co,1,,,,
2169,Knowledge Management Solutions Pte Ltd,1,,,,
2170,Knowesis Pte Ltd,1,,,,
2171,Knapshot Pte Ltd,1,,,,
2172,Cloak Pte. Ltd.,1,,,,
2173,ETERE PTE. LTD.,1,,,,
2174,Custom Cards,1,,,,
2175,Optimai Pte Ltd,1,,,,
2176,PLANT WERX PTE LTD,1,,,,
2177,PLAY Creatives Pte Ltd,1,,,,
2178,EVER HIGHER PTE. LTD.,1,,,,
2179,PONY ASIA HOLDINGS PTE LTD,1,,,,
2180,Ceito,1,,,,
2181,KEAWORLD PTE. LTD.,1,,,,
2182,Carro Singapore (Trusty Cars Pte Ltd),1,,,,
2183,PRINT FOR FUN,1,,,,
2184,PRO-DATALGI SINGAPORE PTE. LTD.,1,,,,
2185,PROMEGA PTE. LTD.,1,,,,
2186,Earnest and Collective Pte Ltd,1,,,,
2187,Carma Asia,1,,,,
2188,Paco Funworld,1,,,,
2189,Cardable,1,,,,
2190,Palazon Technology Pte Ltd,1,,,,
2191,Earthcore Software Pte Ltd,1,,,,
2192,Capgemini Financial Services,1,,,,
2193,Jusfeedback Pte Ltd,1,,,,
2194,Pantheon Inc.,1,,,,
2195,CYBERWAVE IT SOLUTIONS PTE. LTD.,1,,,,
2196,Parasoft SEA Pte Ltd,1,,,,
2197,Partnerize,1,,,,
2198,Jump Eat Cry Maternity,1,,,,
2199,Echol Tech Pte. Ltd.,1,,,,
2200,Johnsonville,1,,,,
2201,PLANORAMA,1,,,,
2202,KEYFIELDS PTE. LTD.,1,,,,
2203,PIPO Pte.Ltd (Bao He Group) – Singapore,1,,,,
2204,P23 Ventures Pte Ltd,1,,,,
2205,Clearly Basics,1,,,,
2206,ETERNAL ASIA (S) PTE. LTD.,1,,,,
2207,Oracle,1,,,Yes,
2208,Cio Academy Asia,1,,,,
2209,Ciena Communications,1,,,,
2210,KKday Sevices (M) Sdn Bhd,1,,,,
2211,EUCHARIST-TECH PTE. LTD.,1,,,,
2212,Christian Dior,1,,,,
2213,Orfeostory,1,,,,
2214,Organics-Plus Pte Ltd,1,,,,
2215,Oriental Royalty Singapore Pte Ltd,1,,,,
2216,China Great Wall Computer (H.K.) Holding Limited,1,,,,
2217,PIPO Pte. Ltd. (Bao He Group),1,,,,
2218,Cheung Wo Food Supply,1,,,,
2219,KINGTECH PTE. LTD.,1,,,,
2220,PANECO SINGAPORE PTE. LTD.,1,,,,
2221,Check Point Software Technologies Ltd.,1,,,,
2222,KIDSLOVR PTE. LTD.,1,,,,
2223,PCB GraphTech Pte Ltd,1,,,,
2224,Charakue Pte Ltd,1,,,,
2225,PHOTIZO GLOBAL PTE. LTD.,1,,,,
2226,PIASIM CORPORATION PRIVATE LIMITED,1,,,,
2227,Cerekon,1,,,,
2228,PIPO Pte Ltd (Bao He Group),1,,,,
2229,LANWORKS PTE LTD,1,,,,
2230,EPISCRIPT SOLUTIONS PTE. LTD.,1,,,,
2231,INTENSECOMP PTE. LTD.,1,,,,
2232,Denodo Technologies,1,,,,
2233,MINT PAYMENTS ASIA PTE. LTD.,1,,,,
2234,Dining Butler,1,,,,
2235,Dimension Data Singapore Pte Ltd,1,,,,
2236,EDGEWORKS SOLUTIONS PTE. LTD.,1,,,,
2237,MOVEL AI PTE. LTD.,1,,,,
2238,MQ COMMUNICATIONS PTE. LTD.,1,,,,
2239,MS Microsystems,1,,,,
2240,LeadIQ,1,,,,
2241,Dimension Data,1,,,,
2242,MVL Foundation Pte Ltd,1,,,,
2243,EFUSION TECHNOLOGY PTE. LTD.,1,,,,
2244,Lane Crawford Singapore,1,,,,
2245,Macshop Pte Ltd,1,,,,
2246,LambdaMu Games,1,,,,
2247,Dig Inn Pte Ltd,1,,,,
2248,Make Up For Ever,1,,,,
2249,Diaper Cakes Baby Gift Hamper Singapore,1,,,,
2250,Dexecure,1,,,,
2251,DewTouch Innovations Pte,1,,,,
2252,Devialet Asia Pte Ltd,1,,,,
2253,Deskera Singapore Pte. Ltd.,1,,,,
2254,Marketstall Trading Pte Ltd,1,,,,
2255,Massive Infinity,1,,,,
2256,Deskera,1,,,,
2257,Mattherns Pte Ltd,1,,,,
2258,Dion,1,,,,
2259,Dishdash.co,1,,,,
2260,MGR OFFICE SOLUTIONS PTE. LTD.,1,,,,
2261,MARCHWOOD LABORATORY SERVICES PTE. LTD.,1,,,,
2262,EACIIT VYASA PTE. LTD.,1,,,,
2263,Lucy And Mui Private Limited,1,,,,
2264,EASTCOMPEACE (SINGAPORE) PTE. LTD.,1,,,,
2265,L’oréal Singapore,1,,,,
2266,Dynamicweb Solutions Asia,1,,,,
2267,Little Suite Pte. Ltd,1,,,,
2268,MACH7 TECHNOLOGIES PTE LTD,1,,,,
2269,Dow Techologies and System,1,,,,
2270,MADThread Singapore Pte Ltd,1,,,,
2271,MAGES STUDIO PRIVATE LIMITED,1,,,,
2272,Linkz Asia Holdings Pte Ltd,1,,,,
2273,Linecy Private Limited,1,,,,
2274,MGG Software Pte Ltd,1,,,,
2275,Linearverve International Private Limited,1,,,,
2276,MASTER CONCEPT SINGAPORE PTE. LTD.,1,,,,
2277,MATICA TECHNOLOGIES PTE. LTD.,1,,,,
2278,MAXIAS DX PTE. LTD.,1,,,,
2279,MB Enterpryze Cloudware,1,,,,
2280,ECI LOCALIZATION PTE. LTD.,1,,,,
2281,Dow Technologies and Syetems,1,,,,
2282,Lenskart,1,,,,
2283,Doropu Pte Ltd,1,,,,
2284,Doki Doki Pte Ltd,1,,,,
2285,MERIMEN TECHNOLOGIES (SINGAPORE) PTE. LTD.,1,,,,
2286,Laird Technologies (SEA) Pte Ltd,1,,,,
2287,Mediaworkz Singapore,1,,,,
2288,Nekojam,1,,,,
2289,Mediaworkz Singapore (Bao He Group) – Singapore,1,,,,
2290,My E-shop,1,,,,
2291,DTAL TECHNOLOGIES PTE. LTD.,1,,,,
2292,NAIT Consulting Services Pte Ltd,1,,,,
2293,DSMR Group Pte Ltd,1,,,,
2294,DR. WOLFF SINGAPORE PTE. LTD.,1,,,,
2295,LEMNIS TECHNOLOGIES PTE. LTD.,1,,,,
2296,NET-SOURCE GROUP PTE. LTD.,1,,,,
2297,NETAPP SINGAPORE PTE. LTD.,1,,,,
2298,LECIP (SINGAPORE) PTE. LTD.,1,,,,
2299,DMK (Singapore) Pte Ltd,1,,,,
2300,NETe2 Asia,1,,,,
2301,NEUIS PTE. LTD.,1,,,,
2302,LEAP,1,,,,
2303,LEAGOO PTE. LTD.,1,,,,
2304,NEXWAVE TELECOMS PTE. LTD.,1,,,,
2305,DIGIGRAM ASIA PTE LIMITED,1,,,,
2306,DGBOX Logistics LLP,1,,,,
2307,NOVELA Pte Ltd (Beauty),1,,,,
2308,DENRON Computers & Networks,1,,,,
2309,DELEXON ROBOTIC PTE. LTD.,1,,,,
2310,DAYLIGHT STUDIOS PTE. LTD.,1,,,,
2311,NaNa Reve De La,1,,,,
2312,Nanigans,1,,,,
2313,Cypress Labs Pte Ltd,1,,,,
2314,Cycle & Carriage Kia Pte Ltd,1,,,,
2315,My Dream Wedding,1,,,,
2316,Mozat Pte Ltd,1,,,,
2317,Darsala,1,,,,
2318,Microsoft,1,,,Yes,
2319,Dennemeyer (SEA) Pte Ltd,1,,,,
2320,Mellow Life Pte Ltd,1,,,,
2321,Delivery Hero Singapore Pte Ltd,1,,,,
2322,Meraki Decoration,1,,,,
2323,Mescada Pte Ltd,1,,,,
2324,Meyer Food,1,,,,
2325,ELC PTE. LTD.,1,,,,
2326,LOGITECH SINGAPORE PTE. LTD.,1,,,,
2327,EMAGIC PTE. LTD.,1,,,,
2328,Datum Technology Pte Ltd,1,,,,
2329,Dathena Science,1,,,,
2330,LOGICODE PTE LTD,1,,,,
2331,Darts Distribution,1,,,,
2332,Mint Interactive,1,,,,
2333,Mint Museum of Toys (MMOT),1,,,,
2334,Miz Phenix International Pte Ltd,1,,,,
2335,Databricks,1,,,,
2336,Monspace (S) Pte Ltd,1,,,,
2337,DataKrew,1,,,,
2338,Monstar-Lab Singapore,1,,,,
2339,Moonlight Joaillerie,1,,,,
2340,Morpheus Labs Pte Ltd,1,,,,
2341,Data Clean Asia Pte Ltd,1,,,,
2342,Darwiin,1,,,,
2343,Perle Systems Asia Pacific Pte Ltd,1,,,,
2344,PerroCo.,1,,,,
2345,Petal Elements,1,,,,
2346,SYMANTEC ASIA PACIFIC PTE. LTD.,1,,,,
2347,"Love, Akiko",1,,,,
2348,Information Sciences Pte Ltd,1,,,,
2349,Banffcyber Technologies,1,,,,
2350,Ban Leong Technologies Limited,1,,,,
2351,EpiCentre Pte Ltd,1,,,,
2352,Baliza Partners Pte Ltd,1,,,,
2353,SOHO PROPERTY PTE. LTD. -,1,,,,
2354,BYTEWORKS INTERNATIONAL PTE LTD,1,,,,
2355,Infoplus Solutions Pte Ltd,1,,,,
2356,Infogain Pted Ltd,1,,,,
2357,Infocorp Technologies Pte Ltd,1,,,,
2358,BUSHY SIGSUG LTD.,1,,,,
2359,BUILDINGLINK.ASIA PTE. LTD.,1,,,,
2360,BTS SOLUTION SERVICES PTE LTD,1,,,,
2361,BT Singapore Pte Ltd,1,,,,
2362,STARTIN POINT PTE. LTD.,1,,,,
2363,STARVIEW INTERNATIONAL PTE. LTD.,1,,,,
2364,BT,1,,,,
2365,Epiphany,1,,,,
2366,STRATACACHE ASIA-PACIFIC PTE. LTD.,1,,,,
2367,STSTC Pte Ltd,1,,,,
2368,BSC,1,,,,
2369,SUMMER TELECOM PTE LTD,1,,,,
2370,BROOKS AUTOMATION (SINGAPORE) PTE. LTD.,1,,,,
2371,Escher Asia Pacific Pte Ltd,1,,,,
2372,SKYLINE INFO TECHNOLOGIES PTE. LTD.,1,,,,
2373,SINGMAP Pte. ltd.,1,,,,
2374,SINGAPORE VCYBER TECHNOLOGY PTE. LTD.,1,,,,
2375,SGPomades Trading Pte Ltd,1,,,,
2376,SECUREX GS PTE. LTD,1,,,,
2377,SENSE INFOSYS PTE. LTD.,1,,,,
2378,BitTitan,1,,,,
2379,Bison marketing company,1,,,,
2380,SES Networks,1,,,,
2381,Birch Creatives Asia Pte Ltd,1,,,,
2382,SETTINGIT UNICORN PTE. LTD.,1,,,,
2383,Energy Wave Worldwide,1,,,,
2384,SG Comp-Tech Pte Ltd,1,,,,
2385,SG EventMart,1,,,,
2386,SG Interactive Pte Ltd,1,,,,
2387,Inspireo Media Pte Ltd,1,,,,
2388,Bee Cheng Hiang,1,,,,
2389,Engineering Support Associate,1,,,,
2390,Biggworld,1,,,,
2391,SHINETOWN TELECOM (S) PTE LTD,1,,,,
2392,Enigma Marketing Inc.,1,,,,
2393,Bigg World,1,,,,
2394,Enterprise It Services Pte. Ltd,1,,,,
2395,SIGMACONSO ASIA PTE. LTD.,1,,,,
2396,Benjamin Barker,1,,,,
2397,Belkin,1,,,,
2398,SINGAPORE COMMUNICATIONS CO PTE. LTD.,1,,,,
2399,SINGAPORE DATA GROUP PTE. LTD.,1,,,,
2400,Esco Micro Pte Ltd,1,,,,
2401,Infiniti Jewels (By Diastar) Since 1982 Pte Ltd,1,,,,
2402,Petite Cosmetics Pte Ltd,1,,,,
2403,BREATHE CONSULTING PTE. LTD.,1,,,,
2404,IS GLOBAL SERVICES PTE. LTD.,1,,,,
2405,SimonsVoss Security Technologies (Asia) Pte Ltd,1,,,,
2406,Simplified Technology Pte Ltd,1,,,,
2407,Singapore Asia Pacific,1,,,,
2408,Eyeota Pte Ltd,1,,,,
2409,BIAM TECHNOLOGY PTE LTD,1,,,,
2410,BETTER IT PTE. LTD.,1,,,,
2411,FALCON Digital Pte Ltd,1,,,,
2412,Sip,1,,,,
2413,BEENET SINGAPORE PTE LTD,1,,,,
2414,Skin Balance Pte Ltd,1,,,,
2415,Skinx,1,,,,
2416,BBM GROUP PTE. LTD.,1,,,,
2417,Skylab Holding Pte Ltd,1,,,,
2418,Smart Walkie Pte Ltd,1,,,,
2419,Smartblock Pte Ltd,1,,,,
2420,FARONICS PTE. LTD.,1,,,,
2421,Smecen,1,,,,
2422,Socionext Technology,1,,,,
2423,SodaInMind Pte Ltd,1,,,,
2424,Aw's Market,1,,,,
2425,Softship Data Processing Pte Ltd,1,,,,
2426,INTERSOLN PTE. LTD.,1,,,,
2427,Soundzipper,1,,,,
2428,Sourced Group Singapore,1,,,,
2429,Silverlake Sheaf Pte Ltd,1,,,,
2430,Silver Edge Solutions Pte. Ltd.,1,,,,
2431,ISIS Papyrus,1,,,,
2432,Iknow Pte Ltd,1,,,,
2433,SYSQUEST TECHNOLOGY PTE LTD,1,,,,
2434,Sage9 Pte Ltd,1,,,,
2435,Saha Marketing (S) Pte Ltd,1,,,,
2436,BOAR TECHNOLOGY PTE.LTD,1,,,,
2437,BMWPartsCo,1,,,,
2438,Salesforce,1,,,Yes,Yes
2439,Samstar Galerie Asia-Pacific (S) P/L,1,,,,
2440,BLUMONT GROUP LTD.,1,,,,
2441,Esko-Graphics Pte Ltd,1,,,,
2442,BLUECUBE MEDIA PTE. LTD.,1,,,,
2443,Schutze Web Engineering Pte. Ltd.,1,,,,
2444,Searce Pte Limited,1,,,,
2445,ShopBack Singapore,1,,,,
2446,Secura Group Limited,1,,,,
2447,BLACK Barista Coffee World,1,,,,
2448,Sendhelper Pte Ltd.,1,,,,
2449,BIZPOINT INTERNATIONAL PTE. LTD.,1,,,,
2450,Igine,1,,,,
2451,BIOMED DIAGNOSTICS PTE LTD,1,,,,
2452,IVOLUTE TECHNOLOGIES PRIVATE LIMITED,1,,,,
2453,Sharker Technology Pte Ltd,1,,,,
2454,ShinnPark Pte Ltd,1,,,,
2455,Shonan Design (S) Pte Ltd,1,,,,
2456,Shop Right Supermarket Pte Ltd,1,,,,
2457,SEAWAY CONTROL SYSTEMS PTE. LTD.,1,,,,
2458,SEACAD TECHNOLOGIES PTE LTD,1,,,,
2459,SEA,1,,,,
2460,SDSD,1,,,,
2461,Pure Senses Pte Ltd (Yankee Candle Singapore),1,,,,
2462,COMMZ SYSTEMS PTE LTD,1,,,,
2463,Pytheas,1,,,,
2464,Pétale Tea,1,,,,
2465,COMMVAULT SYSTEMS (SINGAPORE) PRIVATE LIMITED,1,,,,
2466,QASSURE TECHNOLOGIES PTE. LIMITED,1,,,,
2467,Jalgi Technologies Pvt Ltd,1,,,,
2468,CODEWERX MOTORSCIENCE PTE. LTD.,1,,,,
2469,QUANTUM JUMP PTE. LTD.,1,,,,
2470,CLOUDCC PTE. LTD.,1,,,,
2471,CLICKTROY (SG) PTE LTD,1,,,,
2472,Jala,1,,,,
2473,Eco-Light Pte Ltd,1,,,,
2474,Quadrant,1,,,,
2475,Quadrant Protocol,1,,,,
2476,CHUNGHWA TELECOM SINGAPORE PTE. LTD.,1,,,,
2477,Eden + Elie,1,,,,
2478,JOGA INCORPORATED PTE. LTD.,1,,,,
2479,CHART.IT PTE. LTD.,1,,,,
2480,JLS Training House Pte Ltd,1,,,,
2481,CHAIN IQ ASIA PTE. LTD.,1,,,,
2482,RAISE TECHNOLOGY PTE. LTD.,1,,,,
2483,Edenred,1,,,,
2484,CFB BOTS PTE. LTD.,1,,,,
2485,Edit Suits Co.,1,,,,
2486,Janison,1,,,,
2487,Puhua International Pte Ltd,1,,,,
2488,Public Accountant & Co,1,,,,
2489,Poket Pte Ltd,1,,,,
2490,Piggyback Pte Ltd,1,,,,
2491,Pivotal Software,1,,,,
2492,CURVATURE SOLUTIONS PTE. LTD.,1,,,,
2493,Plantonic,1,,,,
2494,Plantonic Singapore,1,,,,
2495,Platinum Yoga Ltd Pte,1,,,,
2496,Platinum Yoga Pte LtdMarketing Executive Intern,1,,,,
2497,Platinun Yoga Pte Ltd,1,,,,
2498,Plug And Play Tech Center,1,,,,
2499,Jinhe Innovation (Mediaworkz Singapore),1,,,,
2500,Pluspreorder,1,,,,
2501,PostoFixe,1,,,,
2502,Janna Systems Pte Ltd,1,,,,
2503,COROUS360 PTE LTD,1,,,,
2504,Premier Football International Pte Ltd,1,,,,
2505,Premium Systems Technology Pte Ltd,1,,,,
2506,Presto Labs Pte Ltd,1,,,,
2507,ProKakis Pte Ltd,1,,,,
2508,CONNECTOME PTE. LTD.,1,,,,
2509,Prognostic Services Pte Ltd,1,,,,
2510,COMPUTER INFOTECH (S) PTE LTD,1,,,,
2511,Progressheng Holdings Pte Ltd,1,,,,
2512,Prominds Pte Ltd,1,,,,
2513,Pslove - female wellness,1,,,,
2514,REBATEMANGO PTE. LTD.,1,,,,
2515,CELL MEDIA ELEARNING  ASIA PTE. LTD.,1,,,,
2516,Ei-Infocomm Pte Ltd,1,,,,
2517,International Brand,1,,,,
2518,Ring Md Global Pte Ltd,1,,,,
2519,Brandx,1,,,,
2520,Invision Corporate Solutions Pte. Ltd.,1,,,,
2521,Roborock Singapore Pte Ltd.,1,,,,
2522,Electra (S) Pte Ltd,1,,,,
2523,Bosch Software Innovations,1,,,Yes,
2524,Rocket Internet,1,,,,
2525,Book Show Ticket,1,,,,
2526,Bona Technologies Holdings Pte Ltd,1,,,,
2527,Bohemesg,1,,,,
2528,Runway Bandits,1,,,,
2529,Bode Fabrics & Furnishings,1,,,,
2530,Resparkle,1,,,,
2531,BoardPAC Pte Ltd,1,,,,
2532,Blujay Solutions Pte Ltd,1,,,,
2533,InterCall Marketing,1,,,,
2534,Blucurve Pte Ltd,1,,,,
2535,Block Tree Club,1,,,,
2536,Intelliswift,1,,,,
2537,Blazon Technologies Pte Ltd,1,,,,
2538,Inteliment,1,,,,
2539,Integrated Software Engineering Pte Ltd,1,,,,
2540,SCash Technologies Pte Ltd,1,,,,
2541,Integrated Information Systems Pte Ltd,1,,,,
2542,Revinate,1,,,,
2543,Island Peak Cloud,1,,,,
2544,REFINE SOLUTIONS PTE. LTD.,1,,,,
2545,CALENDARONE PTE LTD,1,,,,
2546,CDNETWORKS SINGAPORE PTE. LTD.,1,,,,
2547,CCTS Global Pte Ltd,1,,,,
2548,RGS TECHNOLOGY PTE LTD,1,,,,
2549,Eideas Technology Pte Ltd,1,,,,
2550,J&R Bossini Fashion Pte Ltd,1,,,,
2551,CASTLES TECHNOLOGY SINGAPORE PTE. LTD.,1,,,,
2552,ROCK NANO GLOBAL PTE. LTD.,1,,,,
2553,ROI Hunter,1,,,,
2554,Eight Flags Computer Systems & Supplies Pte Ltd,1,,,,
2555,CARAT 55,1,,,,
2556,Radan Systems Pte Ltd,1,,,,
2557,Raintree Software Pte Ltd,1,,,,
2558,Britestone Pte Ltd,1,,,,
2559,Rakuten Asia Pte. Ltd,1,,,,
2560,Rate It Pte. Ltd.,1,,,,
2561,Rayton Solutions Pte Ltd,1,,,,
2562,It Consultis,1,,,,
2563,ButlerTech Group,1,,,,
2564,Bullworks Mint Museum of Toys,1,,,,
2565,Buddingtodds Pte Ltd,1,,,,
2566,Buddingtodds Pte Lrd,1,,,,
2567,Brown Bag Wines,1,,,,
2568,Isocert Pte Ltd,1,,,,
2569,ReloTalent,1,,,,
2570,Kakejo Pte. Ltd.,1,,,,